,1,2,3,4,5,6,7,8,9,10,11
0,2021,1,1,12912,2021,1,1,12957,***********,***********,저번주에만백뽑고다시도전선물만준다하니대박도전코드
1,2021,1,1,12928,2021,1,1,71638,***********,***********,국제발신저번주에만백뽑고다시도전선물만준다하니대박도전코드
6,2021,1,1,12954,2021,1,1,131505,***********,***********,국외발신저번주에만백뽑고다시도전선물만준다하니대박도전코드
157,2021,1,1,93317,2021,1,1,101402,***********,***********,월회비만주식방무료전환했습니다주말에비공개전환브리핑받으시고따뜻한연말보내세요
160,2021,1,1,100059,2021,1,1,122343,***********,***********,월회비만주식방무료전환했습니다곧비공개전환며칠방분위기보시고성투하세요
184,2021,1,1,110005,2021,1,1,113119,***********,***********,발신광고스카이년은가난하게살지말자성공누구나할수있어요무료거부
227,2021,1,1,111532,2021,1,1,142044,***********,***********,발신광고네이버초대장초대합니다무료거부
238,2021,1,1,111907,2021,1,1,111939,***********,***********,발신광고스카이년은가난하게살지말자성공원도가능무료거부
278,2021,1,1,112755,2021,1,1,124111,***********,***********,발신광고주박현종추천종목박셀바이오무료거부
305,2021,1,1,112931,2021,1,1,113950,***********,***********,발신광고강추마지막분만더모시겠습니다무료거부
307,2021,1,1,113307,2021,1,1,123530,***********,***********,발신광고경제위기이것해서매달만원무료거부
338,2021,1,1,113611,2021,1,1,115059,***********,***********,발신광고메리트이다영의밴드로초대합니다만원으로부자되기무료거부
431,2021,1,1,115140,2021,1,1,125041,***********,***********,발신광고스카이년은가난하게살지말자성공원도가능무료거부
500,2021,1,1,115947,2021,1,1,120704,***********,***********,관련주대장주테마주별로빨리확인하고다음주기대하셔도좋습니다돈내고하지마세요
501,2021,1,1,115955,2021,1,1,120009,***********,***********,발신광고이연수플래너입니다새해복많이받으세요무료거부
538,2021,1,1,120121,2021,1,1,171659,***********,***********,발신광고당신을초대합니다무료수신거부
578,2021,1,1,120623,2021,1,1,164403,***********,***********,발신광고월일신축년좋은정보드립니다무료거부
632,2021,1,1,121402,2021,1,1,131857,***********,***********,발신광고일평균단타체결전문상담사준비시간별분석무료거부
710,2021,1,1,122609,2021,1,1,122733,***********,***********,발신광고휴대폰하나로월수입만원무료거부
776,2021,1,1,124202,2021,1,1,124224,***********,***********,발신광고최현경과함께만원으로부자되기무료거부
917,2021,1,1,130951,2021,1,1,131108,***********,***********,발신광고월일신축년좋은정보드립니다무료거부
1002,2021,1,1,133143,2021,1,1,133424,***********,***********,대한민국안심모바일추운날씨엔집에서쿠폰와우지금바로원지급번호입력세레비
1004,2021,1,1,133243,2021,1,1,133842,***********,***********,국외발신대한민국안심모바일추운날씨엔집에서쿠폰와우지금바로원지급번호입력세레비
1026,2021,1,1,133644,2021,1,1,133701,***********,***********,발신광고월일신축년무료정보드립니다무료거부
1098,2021,1,1,134354,2021,1,1,164549,***********,***********,발신광고주리드로또회차당첨번호발급되었습니다무료거부
1186,2021,1,1,141509,2021,1,1,141548,***********,***********,국제발신식사비넣어드릴게요
1220,2021,1,1,141812,2021,1,1,190610,***********,***********,발신광고해택발급공휴일평일더무료거부
1299,2021,1,1,142351,2021,1,1,193433,***********,***********,월회비만주식방무료전환했습니다일요일비공개전환됩니다입장하셔서성투하세요
1330,2021,1,1,142944,2021,1,1,144855,***********,***********,국제발신대한민국안심모바일추운날씨엔집에서쿠폰와우지금바로원지급번호입력리스본
1331,2021,1,1,142944,2021,1,1,143018,***********,***********,대한민국안심모바일추운날씨엔집에서쿠폰와우지금바로원지급번호입력리스본
1409,2021,1,1,143740,2021,1,1,144930,***********,***********,코인카신잎환영찌만지불농빨리오세요
1464,2021,1,1,144405,2021,1,1,144513,***********,***********,국제발신새해복많이받으세요관전용뱃하고치킨도받고안내페이지본후에이용부탁드립니다안내
1465,2021,1,1,144405,2021,1,1,144425,***********,***********,새해복많이받으세요관전용뱃하고치킨도받고안내페이지본후에이용부탁드립니다안내
1508,2021,1,1,144902,2021,1,1,144915,***********,***********,추운날씨엔집에서모바일전략게임쿠폰원만지급내취미을부탁해번호입력후사국
1511,2021,1,1,144908,2021,1,1,144927,***********,***********,발신회원만연합매이져시제억인증입출자동화한정코드
1517,2021,1,1,144931,2021,1,1,180212,***********,***********,국제발신추운날씨엔집에서모바일전략게임쿠폰원만지급내취미을부탁해번호입력후사국
1557,2021,1,1,145104,2021,1,1,151951,***********,***********,발신일시적신규가입중타업채비교억잔고보증만원증정코드
2070,2021,1,1,151058,2021,1,1,165931,***********,***********,발신광고해택발급공휴일평일더무료거부
2084,2021,1,1,151555,2021,1,1,151613,***********,***********,발신일시적신규가입중타업채비교억잔고보증만원증정코드
2263,2021,1,1,152628,2021,1,1,153551,***********,***********,발신한시적신규모집만지급타업체비교억잔고보증코드
2290,2021,1,1,152753,2021,1,1,154921,***********,***********,발신광고다이아연말의행복윤초아밴드초대무료거부
2372,2021,1,1,153308,2021,1,1,155321,***********,***********,발신한시적신규모집만지급타업체비교억잔고보증코드
2458,2021,1,1,153728,2021,1,1,193043,***********,***********,발신광고신년엔부자되세요코드무료수신거부
2534,2021,1,1,154804,2021,1,1,154814,***********,***********,발신광고현화또하나의월급이분덕에해결무료거부
2551,2021,1,1,155348,2021,1,1,155855,***********,***********,발신광고우리감사행사등록후발급쿠폰증정무료거부
2584,2021,1,1,155846,2021,1,1,183654,***********,***********,발신신뢰도위공식보증업체시제억인증보증천예치최대베당제공코드
2656,2021,1,1,160236,2021,1,1,160312,***********,***********,발신년차인증메이저월한정마지막초청신규무료만증정코드
2739,2021,1,1,160929,2021,1,1,161048,***********,***********,발신광고우리감사행사등록후발급쿠폰증정무료거부
2742,2021,1,1,160945,2021,1,1,161027,***********,***********,발신년차인증메이저월한정마지막초청신규무료만증정코드
2907,2021,1,1,162204,2021,1,1,163127,***********,***********,발신신뢰도위공식보증업체시제억인증보증천예치최대베당제공코드
2973,2021,1,1,162505,2021,1,1,164418,***********,***********,발신광고스카이새해는가난하게살지말자성공원도가능해요무료거부
3016,2021,1,1,162737,2021,1,1,162758,***********,***********,발신광고주희또하나의월급만들기무료거부
3264,2021,1,1,164755,2021,1,1,170847,***********,***********,발신광고노력주부였던아줌마지금은사모님소리를무료거부
3321,2021,1,1,165411,2021,1,1,181246,***********,***********,발신광고힘든었던이분을만나하루만에해결무료거부
3378,2021,1,1,165948,2021,1,1,170046,***********,***********,발신년차인증메이저월한정마지막초청신규무료만증정코드
3424,2021,1,1,170707,2021,1,1,192030,***********,***********,국제발신만자동지급올해의운세보기꽝없는곳추
3431,2021,1,1,170857,2021,1,1,225535,***********,***********,발신광고옥희나는매일만원번다무료거부
3476,2021,1,1,171442,2021,1,1,175018,***********,***********,발신년차된인증매이저월한정마지막초청신규무료만증정코드
3584,2021,1,1,171913,2021,1,1,175818,***********,***********,발신광고평일휴대폰하나면아줌마의쉬운부업무료거부
3595,2021,1,1,171952,2021,1,1,183005,***********,***********,발신광고한국경제임종혁대표의이달우량주무료거부
3598,2021,1,1,172004,2021,1,1,173543,***********,***********,발신광고에서추천하는최대급등주무료거부
3816,2021,1,1,173030,2021,1,1,173101,***********,***********,발신년차된인증매이저월한정마지막초청신규무료만증정코드
4016,2021,1,1,173621,2021,1,1,211200,***********,***********,관련주대장주테마주별로확인하시면월요일오전장기대하셔도좋습니다돈내고하지마세요
4233,2021,1,1,180733,2021,1,1,180818,***********,***********,발신광고평균무료모의투자관련참조모투인무료거부
4348,2021,1,1,185550,2021,1,1,202719,***********,***********,국제발신좋은금성신년밴기가막히게잘열립니다오세요
4384,2021,1,1,192126,2021,1,1,192602,***********,***********,국외발신하루에최소만원벌수있는네이버공식카페위
4385,2021,1,1,192129,2021,1,1,193604,***********,***********,국제발신하루에최소만원벌수있는네이버공식카페위
4386,2021,1,1,192133,2021,1,1,195127,***********,***********,하루에최소만원벌수있는네이버공식카페위
4544,2021,1,1,202312,2021,1,1,203334,***********,***********,발신광고핸드폰께임신정행사지냉중바따션요정무료수신거부
4651,2021,1,2,12449,2021,1,2,20314,***********,***********,국제발신꽝없어요아윤이가만원드리니받으시고대박도전해보세요코드
4654,2021,1,2,12506,2021,1,2,110234,***********,***********,국외발신꽝없어요아윤이가만원드리니받으시고대박도전해보세요코드
4657,2021,1,2,12514,2021,1,2,95217,***********,***********,꽝없어요아윤이가만원드리니받으시고대박도전해보세요코드
4807,2021,1,2,95951,2021,1,2,101245,***********,***********,발신광고새해복받으세요꽃길만걸어요무료거부
4847,2021,1,2,101626,2021,1,2,131616,***********,***********,발신광고다이아신축년의행복원으로하루만무료거부
4897,2021,1,2,103159,2021,1,2,104121,***********,***********,국제발신메가안전검증보안단승가능일본중앙지방경정륜바이크신규만지급큼
4933,2021,1,2,104158,2021,1,2,104239,***********,***********,발신광고메리트이다영의밴드로초대합니다만원으로부자되기무료거부
5048,2021,1,2,105741,2021,1,2,110757,***********,***********,스팸신고발신광고연구소대표김성욱입니다년새해가밝았습니다현최고의수익을보여드리고있습니다기간일수익상담무료진행대분들도간편하게이용중이며이것으로기회를찾았습니다터무니없는재테크와는다른이것무료거부
5060,2021,1,2,110117,2021,1,2,110913,***********,***********,발신광고당첨축하메세지보내드립니다무료거부
5078,2021,1,2,110905,2021,1,2,122542,***********,***********,국제발신파볼앤지엠로투즈에볼루션답안쥐조작임유출에후불잭까까오똑
5081,2021,1,2,111212,2021,1,2,111659,***********,***********,발신광고이분덕에노후준비이렇게쉽고확실하게무료거부
5185,2021,1,2,112858,2021,1,2,113117,***********,***********,발신제월급행복의부업매일만당일입금
5186,2021,1,2,113347,2021,1,2,114055,***********,***********,파볼앤지엠로투즈에볼루션답안쥐조작임유출에후불잭까까오똑아님카똑저장
5187,2021,1,2,113349,2021,1,2,122109,***********,***********,국제발신파볼앤지엠로투즈에볼루션답안쥐조작임유출에후불잭까까오똑아님카똑저장
5300,2021,1,2,114140,2021,1,2,140038,***********,***********,발신광고힘든었던이분을만나해결무료거부
5326,2021,1,2,114405,2021,1,2,205408,***********,***********,발신광고다이아신축년찾아온기회고유나의밴드초대무료거부
5382,2021,1,2,114615,2021,1,2,115206,***********,***********,발신광고드림신축년의행복원으로하루만무료거부
5473,2021,1,2,115649,2021,1,2,115710,***********,***********,발신광고오만원갖고단타로월천만원확인하세요무료거부
5484,2021,1,2,115800,2021,1,2,142847,***********,***********,발신광고다이아신축년의행복김다영밴드로초대합니다무료거부
5521,2021,1,2,120022,2021,1,2,135631,***********,***********,발신광고송하나님께서밴드에초대하였습니다무료거부
5546,2021,1,2,120708,2021,1,2,131655,***********,***********,발신광고휴대폰하나로매수입만원무료거부
5608,2021,1,2,121539,2021,1,2,121603,***********,***********,발신광고옥희나는매일만원씩번다무료거부
5634,2021,1,2,122205,2021,1,2,152843,***********,***********,발신광고휴대폰하나로매월만원무료거부
5715,2021,1,2,125032,2021,1,2,145217,***********,***********,발신제월급행복의부업만이상당일입금
5746,2021,1,2,125217,2021,1,2,131624,***********,***********,발신광고집중월달성누적무료거부
5753,2021,1,2,125445,2021,1,2,130136,***********,***********,발신광고방영핸드폰만있으면누구나하루만원을무료거부
5794,2021,1,2,130119,2021,1,2,130158,***********,***********,하루최소만원씩벌수있는주부님들이선택한올해네이버위카페
5803,2021,1,2,130216,2021,1,2,200648,***********,***********,발신광고새해의행복전문가매매방법공개일참여하기무료거부
5971,2021,1,2,131149,2021,1,2,131203,***********,***********,발신광고대한통운운송취소물류창고보관확인요망무료수신거부
6005,2021,1,2,131212,2021,1,2,132446,***********,***********,발신광고기회는잡는사람의것부자되는성공비결무료거부
6060,2021,1,2,131647,2021,1,2,174558,***********,***********,발신광고스마트폰으로앉아서하루만원인증번호무료거부
6074,2021,1,2,131757,2021,1,2,152929,***********,***********,발신광고스마트폰으로앉아서하루만원인증번호무료거부
6097,2021,1,2,131934,2021,1,2,143742,***********,***********,발신광고스마트폰으로앉아서하루만원인증번호무료거부
6122,2021,1,2,132117,2021,1,2,140154,***********,***********,발신광고스마트폰으로앉아서하루만원인증번호무료거부
6189,2021,1,2,132622,2021,1,2,143828,***********,***********,발신광고월일신축년무료정보드립니다무료거부
6282,2021,1,2,133510,2021,1,2,134804,***********,***********,발신당첨축하드립니다일토요일급등정보현실현당일원
6395,2021,1,2,134348,2021,1,2,134958,***********,***********,국제발신식사비넣어드릴게요
6398,2021,1,2,134458,2021,1,2,221930,***********,***********,발신광고명확한목표설정과패턴현재원진행무료거부
6515,2021,1,2,141004,2021,1,2,143755,***********,***********,발신광고긴급만명백신조달대박수혜주참여무료수신거부
6689,2021,1,2,141733,2021,1,2,143505,***********,***********,발신광고다이아연초의행복초아밴드초대무료거부
6717,2021,1,2,141913,2021,1,2,141937,***********,***********,국제발신관전용뱃하고치킨도받고안내페이지본후에이용부탁드립니다안내
6762,2021,1,2,142202,2021,1,2,145206,***********,***********,국제발신정보만으로박현주밴드로초대
6823,2021,1,2,142824,2021,1,2,193616,***********,***********,발신광고손실이없는이유무료거부
6898,2021,1,2,143611,2021,1,2,152926,***********,***********,발신광고카카오톡에서보낸선물입니다무료거부
6900,2021,1,2,143638,2021,1,2,153222,***********,***********,발신광고해택증정공휴일평일더무료거부
6910,2021,1,2,143746,2021,1,2,154923,***********,***********,발신광고오만원시작달급여를지금확인하세요무료거부
6953,2021,1,2,144029,2021,1,2,145501,***********,***********,발신광고월일신축년좋은정보드립니다무료거부
6988,2021,1,2,144128,2021,1,2,161427,***********,***********,발신광고초대장무료거부
7052,2021,1,2,144409,2021,1,2,144450,***********,***********,국외발신신축년첫보너스대박기운도착혹시모르잖아요접속
7055,2021,1,2,144413,2021,1,2,151559,***********,***********,국제발신신축년첫보너스대박기운도착혹시모르잖아요접속
7058,2021,1,2,144431,2021,1,2,162554,***********,***********,발신광고글로벌오후원대기무료거부
7065,2021,1,2,144506,2021,1,2,144518,***********,***********,발신일시적신규모집중타업채비교억잔고보증만원증정코드
7081,2021,1,2,144625,2021,1,2,144722,***********,***********,발신광고휴대폰하나만으로꾸준하게만원이색부업무료거부
7552,2021,1,2,145648,2021,1,2,163725,***********,***********,발신광고신축년의행복원과휴대폰만준비하세요무료거부
7643,2021,1,2,150024,2021,1,2,150544,***********,***********,발신회원만연합매이져시제억인증입출자동화한정코드
7679,2021,1,2,150114,2021,1,2,150211,***********,***********,발신광고지금무료머니받고체험해보자무료거부
7888,2021,1,2,150455,2021,1,2,150511,***********,***********,발신일시적신규모집중타업채비교억잔고보증만원증정코드
8025,2021,1,2,150935,2021,1,2,160131,***********,***********,발신일시적신규모집중타업채비교억잔고보증만원증정코드
8125,2021,1,2,151348,2021,1,2,153257,***********,***********,발신한시적신규모집만지급타업체비교억잔고보증코드
8235,2021,1,2,152045,2021,1,2,152410,***********,***********,발신회원만연합매이져시제억인증입출자동화한정코드
8348,2021,1,2,152319,2021,1,2,175932,***********,***********,국제발신새해선물도착알림코드입력시원드려요후시령눌러서입장
8446,2021,1,2,152750,2021,1,2,174945,***********,***********,발신광고주시스템로또신축년등조합무료발급무료거부
8526,2021,1,2,153039,2021,1,2,153105,***********,***********,발신한시적신규모집만지급타업체비교억잔고보증코드
8599,2021,1,2,153312,2021,1,2,154004,***********,***********,국제발신오빠들공간은세희가화끈하게치킨은덤으로성공세희
8833,2021,1,2,154212,2021,1,2,172342,***********,***********,발신년차된인증매이저월한정마지막초청신규무료만증정코드
8930,2021,1,2,154410,2021,1,2,154921,***********,***********,국제발신새해맞이챙겨드렸습니다방문후장성공
9047,2021,1,2,154844,2021,1,2,161501,***********,***********,등모바일게임어메이징보너스도착가입원추운날씨엔집에서번호입력세레비
9048,2021,1,2,154846,2021,1,2,164633,***********,***********,국제발신등모바일게임어메이징보너스도착가입원추운날씨엔집에서번호입력세레비
9053,2021,1,2,154902,2021,1,2,155527,***********,***********,발신광고주그린로또신축년등조합무료발급무료거부
9098,2021,1,2,155039,2021,1,2,155358,***********,***********,발신광고신년에는좋은일만코드무료수신거부
9099,2021,1,2,155039,2021,1,2,161754,***********,***********,국제발신세심하게준비했어요한곳에서즐기시는곳치킨도드려요세희월드
9139,2021,1,2,155141,2021,1,2,155206,***********,***********,국외발신세심하게준비했어요한곳에서즐기시는곳치킨도드려요세희월드
9185,2021,1,2,155256,2021,1,2,155711,***********,***********,발신년차된인증메이저월한정마지막초청신규무료만증정코드
9549,2021,1,2,160422,2021,1,2,170757,***********,***********,발신광고육아맘회사원도할수있는간편부업무료거부
9567,2021,1,2,160456,2021,1,2,161021,***********,***********,발신광고주부였던아줌마가밴츠를사다지금비법공개무료거부
9684,2021,1,2,160648,2021,1,2,174441,***********,***********,발신년차된인증매이저월한정마지막초청신규무료만증정코드
9732,2021,1,2,160919,2021,1,2,170942,***********,***********,발신신뢰도위공식검증업채시제억인증보증천예치최대베당제공코드
9813,2021,1,2,161136,2021,1,2,171650,***********,***********,발신광고매릿트신규고객만명문우리계얼새해이벤트무료수신거부
9872,2021,1,2,161312,2021,1,2,163224,***********,***********,발신광고매릿트신규고객만우리계얼입니다복받으세요무료수신거부
9935,2021,1,2,161811,2021,1,2,185330,***********,***********,발신월일억목표현시점원진행가능자리안내
9978,2021,1,2,161854,2021,1,2,162450,***********,***********,국제발신오빠들공간은세희가화끈하게치킨은덤으로강추세희
10016,2021,1,2,162105,2021,1,2,164905,***********,***********,발신년차된인증매이저월한정마지막초청신규무료만증정코드
10212,2021,1,2,162514,2021,1,2,162535,***********,***********,국외발신세심하게준비했어요한곳에서즐기시는곳치킨도드려요안내세희
10216,2021,1,2,162517,2021,1,2,170835,***********,***********,국제발신세심하게준비했어요한곳에서즐기시는곳치킨도드려요안내세희
10437,2021,1,2,163140,2021,1,2,171815,***********,***********,발신광고간절한분들클릭한번의용기로삶이변합니다무료거부
10544,2021,1,2,163558,2021,1,2,175351,***********,***********,발신신뢰도위공식검증업채시제억인증보증천예치최대베당제공코드
10728,2021,1,2,164707,2021,1,2,165119,***********,***********,발신복을이렇게줍니다출발현재노후준비
10788,2021,1,2,164842,2021,1,2,211607,***********,***********,국외발신집에서돈버는법출근시퇴근할때장추
10789,2021,1,2,164843,2021,1,2,172444,***********,***********,국제발신집에서돈버는법출근시퇴근할때장추
10841,2021,1,2,165453,2021,1,2,170101,***********,***********,국제발신세심하게준비했어요한곳에서즐기시는곳치킨도드려요세희안내
10848,2021,1,2,165540,2021,1,2,171512,***********,***********,국외발신세심하게준비했어요한곳에서즐기시는곳치킨도드려요세희안내
10885,2021,1,2,165917,2021,1,2,170240,***********,***********,국제발신즐겁게만하세요나머지책임집니다코드원무료대박꿈
10955,2021,1,2,170234,2021,1,2,171650,***********,***********,형님저녁식사후우리더킹에와서쿡폼개받구요힘내세요
10998,2021,1,2,170448,2021,1,2,182514,***********,***********,발신당첨축하드립니다내돈이으로당일즉시내통장으로
11038,2021,1,2,170621,2021,1,2,191318,***********,***********,발신당첨축하드립니다일토요일급등정보현실현당일원
11237,2021,1,2,172153,2021,1,2,190200,***********,***********,발신년차된인증매이저월한정마지막초청신규무상만증정코드
11304,2021,1,2,172405,2021,1,2,172632,***********,***********,발신광고이름님에서입수한단타영상연결무료거부
11379,2021,1,2,172739,2021,1,2,184135,***********,***********,국제발신좋은금성하면하면월행사매일개꽁
11553,2021,1,2,173303,2021,1,2,201222,***********,***********,발신안녕하세요휴대폰개통처예요삼성노트무료행사중명한정이름적어주세요
11663,2021,1,2,174133,2021,1,2,174858,***********,***********,발신휴대폰개통처예요광고노트명한정무료이름적어주세요수신거부
11669,2021,1,2,174145,2021,1,2,185906,***********,***********,휴대폰개통처예요광고노트명한정무료이름적어주세요수신거부
11698,2021,1,2,174254,2021,1,2,174723,***********,***********,발신광고옥희나는매일만원번다무료거부
11827,2021,1,2,174729,2021,1,2,182132,***********,***********,국제발신에볼루션파워보올롯투스게임은조쟉입니다답안지후불제카똑
12071,2021,1,2,180633,2021,1,2,180848,***********,***********,국제발신만원이면달천만쉽게
12134,2021,1,2,181326,2021,1,2,191241,***********,***********,국제발신만원이면달천만쉽게
12286,2021,1,2,181826,2021,1,2,185948,***********,***********,발신휴대폰개통처예요광고노트명한정무료이름적어주세요수신거부
12340,2021,1,2,182146,2021,1,2,182430,***********,***********,국제발신만원이면달천만쉽게
12479,2021,1,2,183927,2021,1,2,185417,***********,***********,발신광고들어오세요증권가등수익률등평생방개설무료거부
12575,2021,1,2,184939,2021,1,2,204039,***********,***********,발신광고한국경제임종혁대표의이달우량주한국경제무료거부
12610,2021,1,2,185143,2021,1,2,185153,***********,***********,발신광고한국경제구본영대표의이달우량주한국경제무료거부
12826,2021,1,2,193845,2021,1,2,193925,***********,***********,발신광고매릿트신규원명문계통새해복많이무료거부
12839,2021,1,2,195449,2021,1,2,195533,***********,***********,국제발신세심하게준비했어요한곳에서즐기시는곳치킨도드려요세희보기
12843,2021,1,2,195514,2021,1,2,201531,***********,***********,국외발신세심하게준비했어요한곳에서즐기시는곳치킨도드려요세희보기
12926,2021,1,2,200654,2021,1,2,213652,***********,***********,발신광고메릿트신규원계통카뇨새해복많이무료거부
13006,2021,1,2,201728,2021,1,2,201824,***********,***********,국제발신세심하게준비했어요한곳에서즐기시는곳치킨도드려요세희여기
13007,2021,1,2,201732,2021,1,2,204937,***********,***********,국외발신세심하게준비했어요한곳에서즐기시는곳치킨도드려요세희여기
13302,2021,1,2,210528,2021,1,2,212442,***********,***********,발신광고메릿트가입원명문계통매니저선물무료거부
13337,2021,1,2,211052,2021,1,2,211646,***********,***********,국제발신세심하게준비했어요한곳에서즐기시는곳치킨도드려요강추세희
13338,2021,1,2,211053,2021,1,2,233038,***********,***********,국외발신세심하게준비했어요한곳에서즐기시는곳치킨도드려요강추세희
13642,2021,1,2,224507,2021,1,2,224649,***********,***********,발신광고신규고객원계통매릿트매니저선물무료거부
13716,2021,1,3,14422,2021,1,3,75826,***********,***********,국제발신이번주만뽑았네요꽁장준다하니대박도전해보세요코드
13746,2021,1,3,95422,2021,1,3,133442,***********,***********,발신광고일만이상당신이주인공입니다무료거부
13786,2021,1,3,104029,2021,1,3,144149,***********,***********,월회비만주식방이무료로전환했습니다내일오후에비공개전환됩니다입장하셔서성투하세요
13835,2021,1,3,105938,2021,1,3,120003,***********,***********,스팸신고발신광고경자년지나고새로운신축년이밝았습니다올해들어최고의선택은이것아닐까요반갑습니다박건희대표입니다년도새해복많이받으세요요즘같은힘든시기대책방안을마련했습니다주부님들사이에서유행중인재테크은행직원들도진행하는목돈마련남들보다한걸음더앞서는게가장중요합니다처음이신분들도환영합니다원금보장재테크대분들도이용하는쉽고편리한투자방식상담문의무료거부
13848,2021,1,3,110140,2021,1,3,112650,***********,***********,발신광고신이주신축복년억프로젝트지금바로문의무료거부
13968,2021,1,3,111558,2021,1,3,111843,***********,***********,국제발신메가안전검증보안단승가능일본중앙지방경정륜신규만지급콤
14016,2021,1,3,114922,2021,1,3,115101,***********,***********,발신광고메리트이다영의밴드로초대합니다만원으로부자되기무료거부
14086,2021,1,3,115931,2021,1,3,142545,***********,***********,일정답지보냈습니다확인후못드시면그만하시죠
14098,2021,1,3,120047,2021,1,3,120212,***********,***********,발신집에서간단하게커피값으로목돈비결누구든분만원입금
14124,2021,1,3,120310,2021,1,3,121212,***********,***********,발신월일억목표현시점원진행자리안내
14180,2021,1,3,121047,2021,1,3,130159,***********,***********,발신광고이연수플래너당신을초대합니다무료거부
14237,2021,1,3,121210,2021,1,3,123545,***********,***********,일정답지보냈습니다확인후못드시면그만하시죠
14270,2021,1,3,123943,2021,1,3,171753,***********,***********,발신광고휴일휴대폰하나면아줌마의쉬운부업무료거부
14318,2021,1,3,125709,2021,1,3,125814,***********,***********,발신광고힘든었던이분을만나해결무료거부
14330,2021,1,3,125824,2021,1,3,134337,***********,***********,발신광고전문가가엄선한투자전력아침마당방영무료거부
14535,2021,1,3,131809,2021,1,3,140342,***********,***********,발신광고매일경제강력추천일만일만무료거부
14592,2021,1,3,132504,2021,1,3,133015,***********,***********,발신광고카카오주식방초대드립니다카톡으로입장무료거부
14600,2021,1,3,132515,2021,1,3,135319,***********,***********,광고카카오주식방초대드립니다카톡으로입장무료거부
15138,2021,1,3,133724,2021,1,3,133839,***********,***********,발신광고초대위기는극복순간은선택기회는한번무료거부
15192,2021,1,3,134202,2021,1,3,134548,***********,***********,발신광고카카오주식방초대드립니다카톡으로입장무료거부
15230,2021,1,3,134245,2021,1,3,162142,***********,***********,광고카카오주식방초대드립니다카톡으로입장무료거부
15234,2021,1,3,134247,2021,1,3,153322,***********,***********,국제발신대박으로준비했어요한곳에서즐기시는곳치킨도드려요강추수희
15277,2021,1,3,134321,2021,1,3,144047,***********,***********,국제발신최선으로준비했어요한곳에서즐기시는곳치킨도드려요수희월드
15671,2021,1,3,135104,2021,1,3,194943,***********,***********,발신광고네이버초대장밴드초대합니다무료거부
15681,2021,1,3,135338,2021,1,3,143023,***********,***********,발신광고카카오주식방초대드립니다카톡으로입장무료거부
16088,2021,1,3,140830,2021,1,3,141244,***********,***********,발신광고카카오주식방초대드립니다카톡으로입장무료거부
16104,2021,1,3,140842,2021,1,3,163237,***********,***********,발신광고염승환차장의위제택수익률발견무료거부
16249,2021,1,3,141153,2021,1,3,145923,***********,***********,발신년차인증매이저월한정마지막초청신규무상만증정코드
16413,2021,1,3,141832,2021,1,3,142002,***********,***********,발신월일억목표현시점원진행가능자리안내
16466,2021,1,3,142032,2021,1,3,144651,***********,***********,국제발신커피치킨나갑니다안내페이지랑검증해보신후이용부탁드립니다
16470,2021,1,3,142110,2021,1,3,185913,***********,***********,발신광고카카오주식방초대드립니다카톡으로입장무료거부
16789,2021,1,3,143518,2021,1,3,143534,***********,***********,발신일시적신규모집중타업채비교억잔고보증만원증정코드
16796,2021,1,3,143523,2021,1,3,151939,***********,***********,일시적신규모집중타업채비교억잔고보증만원증정코드
16834,2021,1,3,143846,2021,1,3,190938,***********,***********,발신광고카카오주식방초대드립니다카톡으로입장무료거부
17061,2021,1,3,144123,2021,1,3,191459,***********,***********,발신광고절실한힘든현실이분만나해결무료거부
17381,2021,1,3,144710,2021,1,3,144753,***********,***********,국제발신일우리계열카진호등새회원께쿠폰만
17410,2021,1,3,144802,2021,1,3,152502,***********,***********,발신일시적신규모집중타업채비교억잔고보증만원증정코드
17489,2021,1,3,144939,2021,1,3,214626,***********,***********,국제발신주식정보는카카오에서카카오주식리딩앱으로받아보세요
17491,2021,1,3,144942,2021,1,3,145651,***********,***********,국제발신주식정보는카카오에서카카오주식리딩앱으로받아보세요
17493,2021,1,3,144948,2021,1,3,151610,***********,***********,국외발신주식정보는카카오에서카카오주식리딩앱으로받아보세요
17521,2021,1,3,145109,2021,1,3,172911,***********,***********,발신광고카카오주식방초대드립니다카톡으로입장무료거부
17568,2021,1,3,145214,2021,1,3,150722,***********,***********,발신년차된인증매이저월한정마지막초청신규무상만증정코드
17914,2021,1,3,150229,2021,1,3,165852,***********,***********,발신만원으로만창출비법대공개네이버밴드독점적인기
17936,2021,1,3,150327,2021,1,3,151102,***********,***********,발신한시적신규모집만지급타업체비교억잔고보증코드
18075,2021,1,3,150623,2021,1,3,152603,***********,***********,발신광고카카오주식방초대드립니다카톡으로입장무료거부
18591,2021,1,3,151621,2021,1,3,151631,***********,***********,발신광고카카오주식방초대드립니다카톡으로입장무료거부
18765,2021,1,3,151959,2021,1,3,155233,***********,***********,발신광고이분덕에일만에차구입했어요무료거부
18890,2021,1,3,152351,2021,1,3,171041,***********,***********,국제발신카우리계열진뱅플연속줄오가입축하만쿠폰
18928,2021,1,3,152451,2021,1,3,162950,***********,***********,국외발신카우리계열진뱅플연속줄오가입축하만쿠폰
18999,2021,1,3,153022,2021,1,3,153055,***********,***********,발신년차된인증매이저월한정마지막초청신규무료만증정코드
19012,2021,1,3,153042,2021,1,3,155457,***********,***********,발신광고카카오주식방초대드립니다카톡으로입장무료거부
19083,2021,1,3,153152,2021,1,3,160102,***********,***********,발신광고주코리아로또이번주누적원후기무료거부
19634,2021,1,3,154438,2021,1,3,154609,***********,***********,발신년차된인증매이저월한정마지막초청신규무상만증정코드
19721,2021,1,3,155119,2021,1,3,164148,***********,***********,발신광고장기간은힘듭니다이제는단타로무료거부
19819,2021,1,3,155633,2021,1,3,173824,***********,***********,발신광고주스마트로또이번주조합무료발급완료무료거부
19830,2021,1,3,155833,2021,1,3,164718,***********,***********,발신광고집중월달성누적무료거부
19834,2021,1,3,155848,2021,1,3,202813,***********,***********,광고집중월달성누적무료거부
19910,2021,1,3,160258,2021,1,3,161705,***********,***********,발신만원으로만창출비법대공개네이버밴드독점적인기
19925,2021,1,3,160423,2021,1,3,163416,***********,***********,발신광고이덕분에일만에차바꿨답니다무료거부
20016,2021,1,3,161035,2021,1,3,161203,***********,***********,발신광고한국경제변이바이러스급속확산이미명내일폭등주무료수신거부
20376,2021,1,3,161547,2021,1,3,161602,***********,***********,국제발신대형놀터쓰뽀츠션첫십삼치킨삼팔팔닷컴코드
20390,2021,1,3,161558,2021,1,3,172518,***********,***********,국외발신대형놀터쓰뽀츠션첫십삼치킨삼팔팔닷컴코드
20514,2021,1,3,162225,2021,1,3,163022,***********,***********,발신회원만연합매이저시제억인증입출자동화한정코드
20832,2021,1,3,163244,2021,1,3,164009,***********,***********,발신회원만연합매이저시제억인증입출자동화한정코드
20985,2021,1,3,164159,2021,1,3,172415,***********,***********,국제발신대형놀터쓰뽀츠션첫십삼치킨삼팔팔닷컴코드
21113,2021,1,3,165246,2021,1,3,165310,***********,***********,발신광고메인경제자율주행애플카관련주무료거부
21173,2021,1,3,165531,2021,1,3,165554,***********,***********,발신광고일환원문의무료거부
21179,2021,1,3,165543,2021,1,3,170239,***********,***********,발신신뢰위공식보증업채억자본인증보증천예치최고베당제공코드
21338,2021,1,3,170025,2021,1,3,193737,***********,***********,발신월일억목표현시점원진행가능자리안내
21542,2021,1,3,170633,2021,1,3,224806,***********,***********,발신광고메인경제자율주행애플카관련주무료거부
21571,2021,1,3,170722,2021,1,3,170750,***********,***********,발신광고대장주대선반도체질병확인무료거부인증
21585,2021,1,3,170759,2021,1,3,230504,***********,***********,발신신뢰위공식보증업채억자본인증보증천예치최고베당제공코드
21619,2021,1,3,170826,2021,1,3,171910,***********,***********,발신광고새해복받으세요금수저밴드초대무료거부
21972,2021,1,3,171620,2021,1,3,173055,***********,***********,발신광고한반도켐온진매트릭스월일체결완료분석팀전승민무료거부
22073,2021,1,3,171842,2021,1,3,175946,***********,***********,발신광고이용해대출금모두해결했습니다무료수신거부
22154,2021,1,3,172107,2021,1,3,172125,***********,***********,발신광고주도주대선반도체질병확인무료거부인증
22268,2021,1,3,173254,2021,1,3,175208,***********,***********,발신경인전자올해흑자전환수익대폭증가참여번거부번무료거부
22303,2021,1,3,173440,2021,1,3,174839,***********,***********,스팸신고발신광고우리증권우리증권신축년새해맞이이벤트한해동안손실보신계좌원금회복프로젝트진행합니다유료무료로일주일간서비스해드립니다년신라젠년남영비비안년신풍제약년을강타할대박세자릿수수익정보공개됩니다전세계적바이러스때문에많이힘드시죠우리증권에서개인분들께무료로일주일간정회원정보오픈해드리겠습니다일주일무료정보받으실분들께서는새해두글자만문자로남겨주십시오다음주월일부터시작됩니다새해복많이받으십시오우리증권무료거부
22307,2021,1,3,173444,2021,1,3,175633,***********,***********,스팸신고발신광고우리증권우리증권신축년새해맞이이벤트한해동안손실보신계좌원금회복프로젝트진행합니다유료무료로일주일간서비스해드립니다년신라젠년남영비비안년신풍제약년을강타할대박세자릿수수익정보공개됩니다전세계적바이러스때문에많이힘드시죠우리증권에서개인분들께무료로일주일간정회원정보오픈해드리겠습니다일주일무료정보받으실분들께서는새해두글자만문자로남겨주십시오다음주월일부터시작됩니다새해복많이받으십시오우리증권무료거부
22545,2021,1,3,174128,2021,1,3,210054,***********,***********,국제발신좋은금성주말팥죽개한달간매일개행사잘열려요
22718,2021,1,3,175918,2021,1,3,190055,***********,***********,발신월일억목표현시점원진행자리안내
22755,2021,1,3,180412,2021,1,3,180519,***********,***********,발신광고월당첨자메세지입니다무료거부
22815,2021,1,3,181641,2021,1,3,181711,***********,***********,국외발신주식정보를카카오에서카카오주식리딩앱으로받아보세요
22816,2021,1,3,181642,2021,1,3,191100,***********,***********,국제발신주식정보를카카오에서카카오주식리딩앱으로받아보세요
22817,2021,1,3,181644,2021,1,3,184508,***********,***********,국제발신주식정보를카카오에서카카오주식리딩앱으로받아보세요
22824,2021,1,3,181819,2021,1,3,184756,***********,***********,발신내일최소경인전자내일확인내일최소진입신규진입문의상담답변박성훈과장
22854,2021,1,3,181950,2021,1,3,182014,***********,***********,발신내일최소경인전자내일확인내일최소진입신규진입문의상담답변박승현팀장
22932,2021,1,3,183758,2021,1,3,184556,***********,***********,발신조원미친수혜주년월요일장바로상한가백신미공개수혜주최소연상공개
22935,2021,1,3,183952,2021,1,3,184031,***********,***********,발신조원미친수혜주년월요일장바로상한가백신미공개수혜주최소연상
22938,2021,1,3,184006,2021,1,3,184043,***********,***********,발신년대박할인행사광고삼성명한정무료성함적어주세요무료거부
23156,2021,1,3,185516,2021,1,3,190046,***********,***********,발신긴급변이바이러스급속확산이미명거래일외인억순매내일폭등관련주
23299,2021,1,3,185630,2021,1,3,185830,***********,***********,발신광고다이아연초의행복윤초아밴드무료거부
23342,2021,1,3,185715,2021,1,3,211500,***********,***********,긴급변이바이러스급속확산이미명거래일외인억순매내일폭등관련주
23476,2021,1,3,190441,2021,1,3,190452,***********,***********,발신새해첫번째매년폭등했던미공시재료공개클릭하여입장
23560,2021,1,3,191027,2021,1,3,201132,***********,***********,발신광고신재생에너지자동차인공지능세력급등주링크입장무료거부
24378,2021,1,3,195000,2021,1,3,220601,***********,***********,발신긴급변이바이러스급속확산이미명거래일외인억순매내일폭등관련주
24402,2021,1,3,195103,2021,1,3,220137,***********,***********,긴급변이바이러스급속확산이미명거래일외인억순매내일폭등관련주
24784,2021,1,3,200449,2021,1,3,225945,***********,***********,발신광고연초부터하루소스받으세요선착순입장무료거부
25186,2021,1,3,201603,2021,1,3,203543,***********,***********,스팸신고언론사보다빠른정보와판단으로다수가참여가능한편성초급등확률이상단기적인재료가강력한품절예정주무료참여클릭하고함께하기지난기무료종목편성누적수익률달성직장인도접근가능한종목편성이벤트내일부터편성할종목들의재료는아래와같습니다사백신긴급승인차계약체결확정차재난지원금반사이익확정신재생공약조차협력계약확정인원이너무과도하면비밀번호가설정될수있습니다가능하면신속하게확인부탁드립니다
25187,2021,1,3,201603,2021,1,3,204256,***********,***********,스팸신고발신언론사보다빠른정보와판단으로다수가참여가능한편성초급등확률이상단기적인재료가강력한품절예정주무료참여클릭하고함께하기지난기무료종목편성누적수익률달성직장인도접근가능한종목편성이벤트내일부터편성할종목들의재료는아래와같습니다사백신긴급승인차계약체결확정차재난지원금반사이익확정신재생공약조차협력계약확정인원이너무과도하면비밀번호가설정될수있습니다가능하면신속하게확인부탁드립니다
25215,2021,1,3,201630,2021,1,3,201806,***********,***********,스팸신고발신언론사보다빠른정보와판단으로다수가참여가능한편성초급등확률이상단기적인재료가강력한품절예정주무료참여클릭하고함께하기지난기무료종목편성누적수익률달성직장인도접근가능한종목편성이벤트내일부터편성할종목들의재료는아래와같습니다사백신긴급승인차계약체결확정차재난지원금반사이익확정신재생공약조차협력계약확정인원이너무과도하면비밀번호가설정될수있습니다가능하면신속하게확인부탁드립니다
25329,2021,1,3,201840,2021,1,3,202154,***********,***********,발신긴급변이바이러스급속확산이미명거래일외인억순매내일폭등관련주
25351,2021,1,3,201856,2021,1,3,223920,***********,***********,긴급변이바이러스급속확산이미명거래일외인억순매내일폭등관련주
26404,2021,1,3,204402,2021,1,3,204431,***********,***********,발신긴급변이바이러스급속확산이미명거래일외인억순매내일폭등관련주
26560,2021,1,3,204843,2021,1,3,204920,***********,***********,국제발신오빠들의공간한곳에서즐기시는곳치킨도드려요수희보기
26589,2021,1,3,204922,2021,1,3,221504,***********,***********,국외발신대박으로준비했어요한곳에서즐기시는곳치킨도드려요수희여기
26594,2021,1,3,204922,2021,1,3,205332,***********,***********,국제발신대박으로준비했어요한곳에서즐기시는곳치킨도드려요수희여기
27279,2021,1,3,221126,2021,1,3,221206,***********,***********,국외발신만족하시도록준비했어요한곳에서즐기시는곳치킨도드려요안내수희
27280,2021,1,3,221135,2021,1,3,223903,***********,***********,국제발신만족하시도록준비했어요한곳에서즐기시는곳치킨도드려요안내수희
27306,2021,1,3,221458,2021,1,3,222641,***********,***********,발신년부자되세요플러스카축신년무료삼만원주소지금받아가세요
27501,2021,1,4,12948,2021,1,4,70623,***********,***********,국제발신저번주에만뽑았네요꽁장준다하니대박도전해보세요코드
27549,2021,1,4,80032,2021,1,4,82923,***********,***********,발신광고일등주대선반도체질병확인무료거부인증
27579,2021,1,4,81851,2021,1,4,81930,***********,***********,스팸신고발신광고플로스론플로스론는년도당신의곁에서항상변함없이응원합니다신년이벤트신년맞이이벤트로저금리가능한상품안내를해드립니다상품내용과접수기간을확인하여혜택받으시길바랍니다신청기간년월일마감접수자가많으니빠른신청바랍니다상품내용낮은신용평점또는과다부채로인해추가한도대출승인이나오지않는분들에게최적화적인상품입니다상품특징상품진행시별도발생하는비용없이진행가능복잡한서류준비없이당일신청가능신규고객신규대출상품이용가능상품요약대출한도최대만원기준금리대출기간년최대년까지만기시심사후에년단위로갱신별도의추가발생되는수수료없음자유롭게대출금상환가능신청대상만세이상내국인직종관계없이주부학생모두가능개인사업자신용등급무관대보험미가입자프리랜서일용직현금소득수령자신청가능재직기간제한없음상담문의삼담시간오전시오후시토일공휴일제외음성에따라진행하지면접수됩니다동일시간대접수자가많을경우연결이지연될수있는점양해부탁드립니다정보통신망이용촉진및정보보호제조항에의거광고수신동의후발송하였으며본광고를원치않을시아래수신거부번호로신청해주시기바랍니다무료거부
27595,2021,1,4,82543,2021,1,4,92300,***********,***********,스팸신고발신광고신한은년신축년고객여러분의행복을기원합니다올한해는신한과함께부자되세요고객님께서는아래상품승인대상자입니다상품내용정부지원서민대출상품무보증무담보당사신한에서발급되는마이너스상품별도발생수수료및기타비용절대없음당사미이용고객도신규고객으로진행상품한도취급기관신한쏠대출한도서민대출상품억원마이너스대출억원대출금리한도와금리는개인신용등급기준에따라차등적용이될수있습니다상환기간방법상환기간년년만기상환방법자유상환거치운용가능원리금균등상환중도상환해약금면제대출취급수수료면제상환기간최초거치시년단위로변경이가능합니다자격요건만세이상세미만내국인직장인일용직주부사업자프리랜서타기관기대출보유고객접수방법본문자수신번호로전화하셔서번누르시면접수완료신청하신개인정보는암호화하여안전하게처리되오니안심하시고문의주시기바랍니다무료거부
27597,2021,1,4,82553,2021,1,4,104834,***********,***********,스팸신고발신광고신한은년신축년고객여러분의행복을기원합니다올한해는신한과함께부자되세요고객님께서는아래상품승인대상자입니다상품내용정부지원서민대출상품무보증무담보당사신한에서발급되는마이너스상품별도발생수수료및기타비용절대없음당사미이용고객도신규고객으로진행상품한도취급기관신한쏠대출한도서민대출상품억원마이너스대출억원대출금리한도와금리는개인신용등급기준에따라차등적용이될수있습니다상환기간방법상환기간년년만기상환방법자유상환거치운용가능원리금균등상환중도상환해약금면제대출취급수수료면제상환기간최초거치시년단위로변경이가능합니다자격요건만세이상세미만내국인직장인일용직주부사업자프리랜서타기관기대출보유고객접수방법본문자수신번호로전화하셔서번누르시면접수완료신청하신개인정보는암호화하여안전하게처리되오니안심하시고문의주시기바랍니다무료거부
27598,2021,1,4,82554,2021,1,4,103310,***********,***********,스팸신고발신광고신한은년신축년고객여러분의행복을기원합니다올한해는신한과함께부자되세요고객님께서는아래상품승인대상자입니다상품내용정부지원서민대출상품무보증무담보당사신한에서발급되는마이너스상품별도발생수수료및기타비용절대없음당사미이용고객도신규고객으로진행상품한도취급기관신한쏠대출한도서민대출상품억원마이너스대출억원대출금리한도와금리는개인신용등급기준에따라차등적용이될수있습니다상환기간방법상환기간년년만기상환방법자유상환거치운용가능원리금균등상환중도상환해약금면제대출취급수수료면제상환기간최초거치시년단위로변경이가능합니다자격요건만세이상세미만내국인직장인일용직주부사업자프리랜서타기관기대출보유고객접수방법본문자수신번호로전화하셔서번누르시면접수완료신청하신개인정보는암호화하여안전하게처리되오니안심하시고문의주시기바랍니다무료거부
27604,2021,1,4,82700,2021,1,4,85352,***********,***********,발신광고증권가단독금일진매트릭스최소금일장중확인무료거부
27679,2021,1,4,82825,2021,1,4,84307,***********,***********,스팸신고발신광고우리와함께새해에는행운과평안이가득하기를기원합니다한해동안우리은행를사랑해주시고베풀어주신은혜감사합니다고객님께서는정부의예산된정책자금으로편성된신용보증기금대출대상자로기한내에지원혜택을받으시길바랍니다상품특징정부에서근로자와소상공인등의경제적필요한자금에대하여보증지원기존보증대출보다더많은보증지원혜택보증기간을통해금리가낮아지고상환기간연장신용보증기관보증부신용보증재단중앙회우리은행보증기간최장년이내보증료율면제혜택접수기간일목요일까지단기존에정책자금을이용하면서변제하지못한기록이있다면신청불가보증대출대상에해당하더라도최종적인대출여부는여신심사결과에따라결정됩니다상품요약보증대출한도최대억원이내긴급생계대출한도최대천만원마이너스통장한도최대억천만원고정금리기준연대출기간년단위최장년이내상환방법원리금균등원금균등일시상환선택취급및중도상환수수료없음상환이자유예기간승인후최대개월보장한도와금리는신용평점에및자금용도에따라차등적용이될수있습니다최초거치시년단위로변경이가능합니다자격조건만세연령제한없음당사고객또는신규고객저소득저신용자신용평점점기준개월이상중고금리대출담보대출보유소득증빙관계없이개월이상근무자직장인프리랜서계약직파견직개인사업자주부등단무직자경우정핵형보장보험보유자경우신청가능개월이상연체부도공과금체납신용복지원파산및면책결정개인회생등의사유이신경우는대출이제한됩니다신청접수
27729,2021,1,4,83008,2021,1,4,91343,***********,***********,스팸신고발신광고우리와함께새해에는행운과평안이가득하기를기원합니다한해동안우리은행를사랑해주시고베풀어주신은혜감사합니다고객님께서는정부의예산된정책자금으로편성된신용보증기금대출대상자로기한내에지원혜택을받으시길바랍니다상품특징정부에서근로자와소상공인등의경제적필요한자금에대하여보증지원기존보증대출보다더많은보증지원혜택보증기간을통해금리가낮아지고상환기간연장신용보증기관보증부신용보증재단중앙회우리은행보증기간최장년이내보증료율면제혜택접수기간일목요일까지단기존에정책자금을이용하면서변제하지못한기록이있다면신청불가보증대출대상에해당하더라도최종적인대출여부는여신심사결과에따라결정됩니다상품요약보증대출한도최대억원이내긴급생계대출한도최대천만원마이너스통장한도최대억천만원고정금리기준연대출기간년단위최장년이내상환방법원리금균등원금균등일시상환선택취급및중도상환수수료없음상환이자유예기간승인후최대개월보장한도와금리는신용평점에및자금용도에따라차등적용이될수있습니다최초거치시년단위로변경이가능합니다자격조건만세연령제한없음당사고객또는신규고객저소득저신용자신용평점점기준개월이상중고금리대출담보대출보유소득증빙관계없이개월이상근무자직장인프리랜서계약직파견직개인사업자주부등단무직자경우정핵형보장보험보유자경우신청가능개월이상연체부도공과금체납신용복지원파산및면책결정개인회생등의사유이신경우는대출이제한됩니다신청접수
27750,2021,1,4,83257,2021,1,4,84414,***********,***********,스팸신고발신광고우리와함께새해에는행운과평안이가득하기를기원합니다한해동안우리은행를사랑해주시고베풀어주신은혜감사합니다고객님께서는정부의예산된정책자금으로편성된신용보증기금대출대상자로기한내에지원혜택을받으시길바랍니다상품특징정부에서근로자와소상공인등의경제적필요한자금에대하여보증지원기존보증대출보다더많은보증지원혜택보증기간을통해금리가낮아지고상환기간연장신용보증기관보증부신용보증재단중앙회우리은행보증기간최장년이내보증료율면제혜택접수기간일목요일까지단기존에정책자금을이용하면서변제하지못한기록이있다면신청불가보증대출대상에해당하더라도최종적인대출여부는여신심사결과에따라결정됩니다상품요약보증대출한도최대억원이내긴급생계대출한도최대천만원마이너스통장한도최대억천만원고정금리기준연대출기간년단위최장년이내상환방법원리금균등원금균등일시상환선택취급및중도상환수수료없음상환이자유예기간승인후최대개월보장한도와금리는신용평점에및자금용도에따라차등적용이될수있습니다최초거치시년단위로변경이가능합니다자격조건만세연령제한없음당사고객또는신규고객저소득저신용자신용평점점기준개월이상중고금리대출담보대출보유소득증빙관계없이개월이상근무자직장인프리랜서계약직파견직개인사업자주부등단무직자경우정핵형보장보험보유자경우신청가능개월이상연체부도공과금체납신용복지원파산및면책결정개인회생등의사유이신경우는대출이제한됩니다신청접수문자수신번호로전화하셔서에따라번누르시면신청접수완료영업일평일토일공휴일제외자금소진시조기에마감하니신청대상고객님께서는늦지않게신청하시길바랍니다무료거부
27773,2021,1,4,83712,2021,1,4,84821,***********,***********,발신일시적신규가입중타업채비교억잔고보증만원증정코드
27886,2021,1,4,84725,2021,1,4,94418,***********,***********,스팸신고발신광고신한은년신축년고객여러분의행복을기원합니다올한해는신한과함께부자되세요고객님께서는아래상품승인대상자입니다상품내용정부지원서민대출상품무보증무담보당사신한에서발급되는마이너스상품별도발생수수료및기타비용절대없음당사미이용고객도신규고객으로진행상품한도취급기관신한쏠대출한도서민대출상품억원마이너스대출억원대출금리한도와금리는개인신용등급기준에따라차등적용이될수있습니다상환기간방법상환기간년년만기상환방법자유상환거치운용가능원리금균등상환중도상환해약금면제대출취급수수료면제상환기간최초거치시년단위로변경이가능합니다자격요건만세이상세미만내국인직장인일용직주부사업자프리랜서타기관기대출보유고객접수방법본문자수신번호로전화하셔서번누르시면접수완료신청하신개인정보는암호화하여안전하게처리되오니안심하시고문의주시기바랍니다무료수신거부
27899,2021,1,4,84811,2021,1,4,95803,***********,***********,스팸신고발신광고신한은년신축년고객여러분의행복을기원합니다올한해는신한과함께부자되세요고객님께서는아래상품승인대상자입니다상품내용정부지원서민대출상품무보증무담보당사신한에서발급되는마이너스상품별도발생수수료및기타비용절대없음당사미이용고객도신규고객으로진행상품한도취급기관신한쏠대출한도서민대출상품억원마이너스대출억원대출금리한도와금리는개인신용등급기준에따라차등적용이될수있습니다상환기간방법상환기간년년만기상환방법자유상환거치운용가능원리금균등상환중도상환해약금면제대출취급수수료면제상환기간최초거치시년단위로변경이가능합니다자격요건만세이상세미만내국인직장인일용직주부사업자프리랜서타기관기대출보유고객접수방법본문자수신번호로전화하셔서번누르시면접수완료신청하신개인정보는암호화하여안전하게처리되오니안심하시고문의주시기바랍니다무료수신거부
28100,2021,1,4,91220,2021,1,4,103314,***********,***********,월회비만주식방이무료로전환했습니다내일오후에비공개전환됩니다입장하셔서성투하세요
28124,2021,1,4,91525,2021,1,4,113454,***********,***********,발신광고해외선물수수료불특가오늘까지연락주세요무료거부
28334,2021,1,4,94012,2021,1,4,131820,***********,***********,스팸신고발신광고투자그룹저번차정답은바이오팜이었습니다참여해주신회원님은진메트릭스신성델타테크비공개정보로도움드렸고실력보여드렸습니다궁금하시죠비공개정보월예정입니다월의무공시기업스케쥴오픈해드립니다차이건희회장반도체시총위전자문자로답장주세요증권정보담당무료거부
28335,2021,1,4,94013,2021,1,4,172951,***********,***********,스팸신고발신광고투자그룹저번차정답은바이오팜이었습니다참여해주신회원님은진메트릭스신성델타테크비공개정보로도움드렸고실력보여드렸습니다궁금하시죠비공개정보월예정입니다월의무공시기업스케쥴오픈해드립니다차이건희회장반도체시총위전자문자로답장주세요증권정보담당무료거부
28459,2021,1,4,94858,2021,1,4,95029,***********,***********,스팸신고발신광고신한은큰사랑에깊은감사드립니다올해도만족스러운서비스로보답하겠습니다고객님께서는아래상품승인대상자입니다상품내용정부지원무보증서민지원대출상품당사신한에서발급되는마이너스상품별도발생수수료및기타비용절대없음당사미이용고객도신규고객으로진행상품한도취급기간신한대출한도정부지원대출억원대출금리한도와금리는개인신용등급기준에따라차등적용될수있습니다상환기간방법상환기간년년만기상환방법자유상환거치운용가능원리금균등상환중도상환해약금면제대출취급수수료면제상환기간최초거치시년단위로변경이가능하십니다접수방법본문자수신번호로전화하셔서번누르시면접수완료신청하신개인정보는암호화하여안전하게처리하오니안심하시고문의주시길바랍니다무료거부
28468,2021,1,4,95151,2021,1,4,104207,***********,***********,발신광고광고인트로메딕공시임박매수무료거부
28521,2021,1,4,95758,2021,1,4,100307,***********,***********,월회비만주식방무료전환했습니다수요일에비공개전환성투하시고따뜻한새해보내세요
28565,2021,1,4,95912,2021,1,4,100439,***********,***********,발신년첫시작녹십자홀딩스우대웅새롭게출발첫단추잘끼우셔야합니다거부
28645,2021,1,4,100432,2021,1,4,100634,***********,***********,발신광고새해새출발하기집에서하루천만원무료수신거부
28664,2021,1,4,100525,2021,1,4,100605,***********,***********,스팸신고발신사랑하는당원동지여러분더불어민주당서울특별시당위원장기동민입니다신축년흰소의해가밝았습니다새해에도언제나행복하시고건강하시길바랍니다지난한해우리는코로나로인해참어려운시간을보냈습니다가족이웃동료들과함께우리는지치지않고버텨냈습니다의료진덕분에방역은세계의선도모델이되었고국민덕분에경제는어느나라에뒤처지지않는성과를냈습니다흰색은상서로운기운을소는인내와성실정직을의미합니다끈기와노력으로코로나를극복하고상서로운기운을받아민생과경제가다시도약할것을확신합니다문재인정부는지난해차례의추경편성을통해방역과경제두마리토끼를잡고자백방으로노력했습니다특히코로나백신의적시도입을위해전력을다하고있습니다더불어민주당은검찰국정원등권력기관개혁과같은시급한개혁과제를완수하고민생안정과경제활성화를위한입법노력을기울이고있습니다존경하는당원동지여러분올해월서울특별시장보궐선거가예정되어있습니다서울시장의유고로치러지는이번선거는우리정치사에있어중대한의미를가지고있습니다이번보궐선거는서울의새로운년을준비하는선거입니다그러나동시에이번에승리하지못하면누구도다음의승리를장담할수없습니다어떤당이오늘을고민하고있는지당원여러분이함께보여주십시오어떤당이미래를준비하고있는지당원여러분이함께해주십시오현실에안주하면승리할수없습니다소통과연대그리고협력이절실합니다언제나처럼당원동지여러분이서울특별시당과함께해주실것을믿습니다우리는반드시승리할것입니다고맙습니다더불어민주당서울특별시당위원장기동민
28708,2021,1,4,100705,2021,1,4,103017,***********,***********,스팸신고발신사랑하는당원동지여러분더불어민주당서울특별시당위원장기동민입니다신축년흰소의해가밝았습니다새해에도언제나행복하시고건강하시길바랍니다지난한해우리는코로나로인해참어려운시간을보냈습니다가족이웃동료들과함께우리는지치지않고버텨냈습니다의료진덕분에방역은세계의선도모델이되었고국민덕분에경제는어느나라에뒤처지지않는성과를냈습니다흰색은상서로운기운을소는인내와성실정직을의미합니다끈기와노력으로코로나를극복하고상서로운기운을받아민생과경제가다시도약할것을확신합니다문재인정부는지난해차례의추경편성을통해방역과경제두마리토끼를잡고자백방으로노력했습니다특히코로나백신의적시도입을위해전력을다하고있습니다더불어민주당은검찰국정원등권력기관개혁과같은시급한개혁과제를완수하고민생안정과경제활성화를위한입법노력을기울이고있습니다존경하는당원동지여러분올해월서울특별시장보궐선거가예정되어있습니다서울시장의유고로치러지는이번선거는우리정치사에있어중대한의미를가지고있습니다이번보궐선거는서울의새로운년을준비하는선거입니다그러나동시에이번에승리하지못하면누구도다음의승리를장담할수없습니다어떤당이오늘을고민하고있는지당원여러분이함께보여주십시오어떤당이미래를준비하고있는지당원여러분이함께해주십시오현실에안주하면승리할수없습니다소통과연대그리고협력이절실합니다언제나처럼당원동지여러분이서울특별시당과함께해주실것을믿습니다우리는반드시승리할것입니다고맙습니다더불어민주당서울특별시당위원장기동민
28805,2021,1,4,101215,2021,1,4,102225,***********,***********,스팸신고발신광고국민은더높게미래의성장을위해더노력하는금융이되겠습니다요즘같은힘든경제상황속에보템이되실마이너스통장상품을안내드립니다상품설명대출한도최대억원이내금리자사기준기간년이내약정최장추가년까지기간연장가능상환방법자유상환방식만기일시담보보증없음중도상환취급수수료면제한도와적용금리는시장및고객님의신용조건대출조건상환방법자금용도대출기간취급금액등에따라변경될수있습니다대출대상등급이하인자당행의심사기준을충족하는고객만세내국인타기관기대출보유자직장인사업자프리랜서주부일용직근로자포함가능신용관리대상자연체이력보유자신용거래정보부족등여신부적격자로분류되어대출취급이제한될수있습니다대출신규상담상담신청번평일유선통화시무서류간편진행신청자가많아다소상담이지연될수있사오니빠른신청당부드립니다무료수신거부
28807,2021,1,4,101243,2021,1,4,105307,***********,***********,스팸신고발신광고국민은더높게미래의성장을위해더노력하는금융이되겠습니다요즘같은힘든경제상황속에보템이되실마이너스통장상품을안내드립니다상품설명대출한도최대억원이내금리자사기준기간년이내약정최장추가년까지기간연장가능상환방법자유상환방식만기일시담보보증없음중도상환취급수수료면제한도와적용금리는시장및고객님의신용조건대출조건상환방법자금용도대출기간취급금액등에따라변경될수있습니다대출대상등급이하인자당행의심사기준을충족하는고객만세내국인타기관기대출보유자직장인사업자프리랜서주부일용직근로자포함가능신용관리대상자연체이력보유자신용거래정보부족등여신부적격자로분류되어대출취급이제한될수있습니다대출신규상담상담신청번평일유선통화시무서류간편진행신청자가많아다소상담이지연될수있사오니빠른신청당부드립니다무료수신거부
28923,2021,1,4,101720,2021,1,4,115521,***********,***********,발신광고리딩방입장무료거부
28930,2021,1,4,101842,2021,1,4,150211,***********,***********,스팸신고발신광고투자그룹저번차정답은바이오팜이었습니다참여해주신회원님은진매트릭스신성델타테크비공개정보로도움드렸고실력보여드렸습니다궁금하시죠비공개정보월예정입니다월의무공시기업스케쥴오픈해드립니다차이건희회장반도체시총위전자문자로답장주세요증권정보담당무료거부
29003,2021,1,4,102028,2021,1,4,115153,***********,***********,발신광고제테크정확한정보안정성보장달천내계좌로무료수신거부
29005,2021,1,4,102047,2021,1,4,165656,***********,***********,발신광고왜아직안하세요후회하지말고서두르세요무료수신거부
29194,2021,1,4,102847,2021,1,4,103612,***********,***********,스팸신고발신광고안녕하세요고객님우리금융금융그룹에서는거리두기단계에방침에무방문비대면상품을아래와같이안내해드립니다많은신청바랍니다안내사항등상품내용등최고억원까지금리신용평점및당행신용등급에따라차등적용추가서류제출시증액등가능상환기간및방법등상환기간년년만기일시연장시상환방법일시납부원리금균등거치형중도상환금면제취급수수료면제자격조건등만세이상세이하내국인직장인사업자주부사업자프리랜서심사기준을충족하시는고객등급충족고객신용카드보유고객접수방법등본문자번호로전화한후번누르시면접수완료상담시간오전오후신용회복및개인회생등일경우대출이제한될수있습니다신청하신휴대번호및개인정보는암호화하여안전하게처리되오니안심하시고문의남겨시기바랍니다무료수신거부
29240,2021,1,4,103713,2021,1,4,220945,***********,***********,발신경인전자상한가달성재료와타이밍미리받길원하시면참여번거부번무료거부
29267,2021,1,4,103813,2021,1,4,120746,***********,***********,발신광고자산력불리기의달인눈으로확인하세요무료수신거부
29429,2021,1,4,104419,2021,1,4,122320,***********,***********,발신켐온진매트릭스오늘오후드리면사실수있죠답장거부
29458,2021,1,4,104521,2021,1,4,110744,***********,***********,발신집에서간단하게커피값으로목돈비결누구든분만입금
29491,2021,1,4,104725,2021,1,4,105120,***********,***********,발신광고세연새해희망꾸준함으로이겨내기신청무료거부
29563,2021,1,4,105058,2021,1,4,115410,***********,***********,발신광고자산회원님들이방법으로은행채무금해결했어요확인무료거부
29579,2021,1,4,105142,2021,1,4,172739,***********,***********,발신광고편의점알바생이건물주가된이유무료수신거부
29656,2021,1,4,105432,2021,1,4,120619,***********,***********,발신광고드림신축년의행복원과휴대폰만무료거부
29708,2021,1,4,105817,2021,1,4,180827,***********,***********,발신광고간절한분들클릭한번의용기로삶이변합니다무료거부
29746,2021,1,4,110052,2021,1,4,173923,***********,***********,발신광고초대장밴드에초대합니다무료거부
29758,2021,1,4,110249,2021,1,4,165837,***********,***********,발신현금분지급신용카드현금화지급률소액결제지급률카카오톡
29778,2021,1,4,110451,2021,1,4,122828,***********,***********,발신광고스카이신축년의행복원과휴대폰만무료거부
29785,2021,1,4,110458,2021,1,4,124407,***********,***********,발신광고또하나의월급으로이분덕에해결무료거부
29794,2021,1,4,110501,2021,1,4,111336,***********,***********,스팸신고발신광고는년신축년고객여러분의행복을기원합니다올한해는와함께부자되세요고객님께서는아래상품승인대상자입니다상품내용정부지원서민대출상품무보증무담보당사에서발급되는마이너스상품별도발생수수료및기타비용절대없음당사미이용고객도신규고객으로진행상품한도취급기관국민대출한도서민대출상품억원마이너스대출억원대출금리한도와금리는개인신용등급기준에따라차등적용이될수있습니다상환기간방법상환기간년년만기상환방법자유상환거치운용가능원리금균등상환중도상환해약금면제대출취급수수료면제상환기간최초거치시년단위로변경이가능합니다자격요건만세이상세미만내국인직장인일용직주부사업자프리랜서타기관기대출보유고객접수방법본문자수신번호로전화하셔서번누르시면접수완료신청하신개인정보는암호화하여안전하게처리되오니안심하시고문의주시기바랍니다무료거부
29862,2021,1,4,110624,2021,1,4,112022,***********,***********,발신광고다이아연초의행복윤초아밴드무료거부
29914,2021,1,4,110845,2021,1,4,222349,***********,***********,발신광고오천원시작계속늘어나는잔고무료거부
29921,2021,1,4,110956,2021,1,4,112623,***********,***********,발신위너투자주식정보무료제공비용일체없습니다리딩입장
29944,2021,1,4,111025,2021,1,4,112915,***********,***********,국외발신십만원으로참여해서월만원벌자신축년최고의부업
29947,2021,1,4,111027,2021,1,4,113903,***********,***********,국제발신십만원으로참여해서월만원벌자신축년최고의부업
29976,2021,1,4,111053,2021,1,4,182832,***********,***********,발신광고강수아님께서밴드로초대하였습니다무료거부
29991,2021,1,4,111133,2021,1,4,112003,***********,***********,발신월장준비황소급등주꽂아드릴테니들어오십쇼카톡방입장
30032,2021,1,4,111228,2021,1,4,111633,***********,***********,발신광고문의주신소모임초대홈페이지입니다무료거부
30085,2021,1,4,111347,2021,1,4,130449,***********,***********,발신광고부자들만하고있는방법까지무료수신거부
30125,2021,1,4,111440,2021,1,4,113047,***********,***********,발신월장준비황소급등주꽂아드릴테니들어오십쇼카톡방입장
30294,2021,1,4,111946,2021,1,4,112029,***********,***********,발신광고주유니온로또신축년등조합무료발급무료거부
30386,2021,1,4,112152,2021,1,4,125357,***********,***********,발신위너투자코로나백신주추천비용일체없습니다입장
30533,2021,1,4,112444,2021,1,4,140201,***********,***********,발신광고경제위기이것해서매달만원무료거부
30570,2021,1,4,112513,2021,1,4,134112,***********,***********,발신광고다이아원과휴대폰만준비하세요무료거부
30583,2021,1,4,112532,2021,1,4,123901,***********,***********,발신위너투자주식정보무료제공비용일체없습니다입장
30716,2021,1,4,112751,2021,1,4,123335,***********,***********,국외발신십만원으로참여해서월만원벌자쉽게목돈벌어보자
30719,2021,1,4,112754,2021,1,4,162035,***********,***********,국제발신십만원으로참여해서월만원벌자쉽게목돈벌어보자
30748,2021,1,4,112831,2021,1,4,112935,***********,***********,발신위너투자백신주무료제공비용일체없습니다입장
30786,2021,1,4,112856,2021,1,4,113721,***********,***********,발신광고동행분석센터차예상번호신청무료수신거부
30917,2021,1,4,113200,2021,1,4,113218,***********,***********,발신광고동행분석센터차예상번호신청무료수신거부
30942,2021,1,4,113238,2021,1,4,115637,***********,***********,발신위너투자단타전문방비용일체없습니다입장
31007,2021,1,4,113359,2021,1,4,115000,***********,***********,국제발신십만원과스마트폰으로월수익만원을정은서씨가초대합니다
31014,2021,1,4,113402,2021,1,4,120409,***********,***********,국외발신십만원과스마트폰으로월수익만원을정은서씨가초대합니다
31126,2021,1,4,113653,2021,1,4,113715,***********,***********,발신위너투자주식정보무료제공비용일체없습니다입장
31157,2021,1,4,113727,2021,1,4,122527,***********,***********,발신광고메리트이다영의밴드로초대합니다만원으로부자되기무료거부
31241,2021,1,4,113944,2021,1,4,171238,***********,***********,발신월장준비황소급등주꽂아드릴테니들어오십쇼카톡방입장
31250,2021,1,4,114001,2021,1,4,115504,***********,***********,발신광고자산신축년의행복원과휴대폰만무료거부
31254,2021,1,4,114004,2021,1,4,124729,***********,***********,발신광고김선영님께서밴드에초대하셨습니다무료거부
31262,2021,1,4,114009,2021,1,4,120939,***********,***********,발신광고안전한작업대출금융권대출무료거부
31330,2021,1,4,114118,2021,1,4,144048,***********,***********,발신위너투자단타무료제공비용일체없습니다입장
31354,2021,1,4,114134,2021,1,4,114220,***********,***********,발신광고동행분석센터차예상번호신청무료수신거부
31375,2021,1,4,114149,2021,1,4,182059,***********,***********,발신월장준비황소급등주꽂아드릴테니들어오십쇼카톡방입장
31389,2021,1,4,114157,2021,1,4,124745,***********,***********,발신광고이연수플래너가당신을초대합니다무료거부
31464,2021,1,4,114248,2021,1,4,120349,***********,***********,발신광고달천보장매매시점공유급등정보무료관망링크무료거부
31532,2021,1,4,114342,2021,1,4,114824,***********,***********,발신광고제태크안전성단기에효과월이상무료거부
31538,2021,1,4,114350,2021,1,4,183749,***********,***********,발신광고휴대폰과만원으로월부수익확인무료거부
31610,2021,1,4,114447,2021,1,4,133433,***********,***********,발신위너그룹백신주무료제공비용일체없습니다입장
31741,2021,1,4,114619,2021,1,4,150251,***********,***********,국제발신올해도바닥인잔고십만으로새출발하자황보은희의꿈의나라
31742,2021,1,4,114619,2021,1,4,115306,***********,***********,국제발신평원룸살던성희씨한강뷰아파트로이사간비결
31749,2021,1,4,114621,2021,1,4,124233,***********,***********,국외발신올해도바닥인잔고십만으로새출발하자황보은희의꿈의나라
31753,2021,1,4,114624,2021,1,4,114707,***********,***********,국제발신십만원과스마트폰으로월수익만원을년최고의부업
31915,2021,1,4,114821,2021,1,4,122343,***********,***********,발신광고월일월요일좋은정보드립니다무료거부
31959,2021,1,4,114850,2021,1,4,114903,***********,***********,발신위너그룹주식정보무료제공비용없습니다입장
32141,2021,1,4,115022,2021,1,4,115916,***********,***********,발신광고네이버초대장세분만더모시겠습니다무료거부
32282,2021,1,4,115207,2021,1,4,192615,***********,***********,발신광고방영누구나할수있는부업밴드초대장무료거부
32348,2021,1,4,115306,2021,1,4,132114,***********,***********,발신광고새해목돈만들기만원만들기밴드초대무료거부
32429,2021,1,4,115455,2021,1,4,120434,***********,***********,발신위너그룹백신주무료제공비용일체없습니다입장
32529,2021,1,4,115638,2021,1,4,121748,***********,***********,발신광고리딩방입장무료거부
32579,2021,1,4,115835,2021,1,4,130733,***********,***********,국외발신년은빚걱정돈걱정없이만원으로탈출하자
32583,2021,1,4,115843,2021,1,4,150859,***********,***********,국제발신년은빚걱정돈걱정없이만원으로탈출하자
32598,2021,1,4,115904,2021,1,4,124108,***********,***********,발신위너그룹전문단타리딩방비용일체없습니다입장
32617,2021,1,4,115928,2021,1,4,205543,***********,***********,발신광고카카오톡에서보낸선물입니다무료거부
32713,2021,1,4,120058,2021,1,4,121555,***********,***********,발신광고마감당일무료거부
32737,2021,1,4,120141,2021,1,4,120243,***********,***********,국제발신모든부채단십만원으로청산하는비결박여사가알려드려요
32878,2021,1,4,120330,2021,1,4,130106,***********,***********,발신광고오늘부터하루수익종목무료로받으세요무료거부
32960,2021,1,4,120458,2021,1,4,120633,***********,***********,발신월일억목표현시점원진행가능자리안내
33009,2021,1,4,120542,2021,1,4,122618,***********,***********,발신위너그룹백신주무료제공입회비용없습니다입장
33157,2021,1,4,120731,2021,1,4,123841,***********,***********,관련주대장주테마주별로확인하시면월요일오전장기대하셔도좋습니다돈내고하지마세요
33191,2021,1,4,120826,2021,1,4,173734,***********,***********,발신위너그룹백신주무료제공입회비용없습니다입장
33264,2021,1,4,120918,2021,1,4,121347,***********,***********,월급쟁이부자는없다노는돈굴려부자되자
33297,2021,1,4,121009,2021,1,4,122551,***********,***********,국외발신십만원과스마트폰으로월수익만원을문보라가초대합니다
33300,2021,1,4,121011,2021,1,4,121038,***********,***********,국제발신십만원과스마트폰으로월수익만원을문보라가초대합니다
33399,2021,1,4,121215,2021,1,4,123257,***********,***********,발신위너그룹주식정보무료제공일체비용없습니다입장
33506,2021,1,4,121520,2021,1,4,161110,***********,***********,발신광고네이버밴드로초대합니다무료수신거부
33603,2021,1,4,121703,2021,1,4,121728,***********,***********,월장준비황소급등주꽂아드릴테니들어오십쇼카톡방입장
33607,2021,1,4,121712,2021,1,4,123149,***********,***********,발신월장준비황소급등주꽂아드릴테니들어오십쇼카톡방입장
33618,2021,1,4,121718,2021,1,4,124119,***********,***********,발신광고대박로또볼무료정보공유지금문의무료거부
33620,2021,1,4,121718,2021,1,4,121925,***********,***********,발신광고평일휴대폰하나면아줌마의간편부업무료거부
33739,2021,1,4,121822,2021,1,4,125756,***********,***********,관련주대장주테마주별로미리확인하고이번주기대하셔도좋습니다
33779,2021,1,4,121853,2021,1,4,135137,***********,***********,발신광고신축새해복많이받으세요리딩방무료거부
33892,2021,1,4,122101,2021,1,4,123757,***********,***********,발신월일억목표현시점원진행가능자리안내
33990,2021,1,4,122444,2021,1,4,123632,***********,***********,발신광고자녀학비생활고해결이다영에밴드초대무료거부
34034,2021,1,4,122522,2021,1,4,122548,***********,***********,발신광고라이프인베스트이색투자무료거부
34189,2021,1,4,122649,2021,1,4,135732,***********,***********,발신광고제테크정확한정보안정성보장달천내계좌로무료수신거부
34310,2021,1,4,123137,2021,1,4,123524,***********,***********,발신광고절실한힘든현실이분만나해결무료거부
34331,2021,1,4,123220,2021,1,4,140125,***********,***********,발신광고남은인생행복하게만원과스마트폰준비무료거부
34349,2021,1,4,123356,2021,1,4,142419,***********,***********,발신광고무료정보공유무료체험무료거부
34463,2021,1,4,123549,2021,1,4,123607,***********,***********,발신광고아직도이걸모르시나요알려드립니다무료거부
34626,2021,1,4,123823,2021,1,4,124808,***********,***********,발신광고카카오에서선물이도착했습니다무료거부
34700,2021,1,4,123953,2021,1,4,124333,***********,***********,발신광고투자관련네이버밴드고객선호도위무료거부
34841,2021,1,4,124406,2021,1,4,135923,***********,***********,발신광고달천보장매매시점공유급등정보링크무료거부
34927,2021,1,4,124548,2021,1,4,192742,***********,***********,스팸신고발신광고그룹지난주차로진행했던이벤트정답은삼성전자였습니다정답을보내주셨던분들께는안트로젠프로삼성제약프로현대바이오프로많은수익보여드리고도움드렸습니다못믿으시면문의주세요모두인증해드리겠습니다증권가최고의미공개정보주궁금하시죠차퀴즈이벤트안내대한민국위증권사는힌트키증권정답을문자로보내주세요선착순명정답을보내주시는분께는혜택을드립니다증권가최고의미공개정보월미공개정보주계약체결수주정보월의무공시정답을보내주신선착순명중분을추첨하여강원도선라이즈클럽밸리펜션박일권제공당첨안내월일문자발송정답을문자로보내주세요무료거부
34944,2021,1,4,124551,2021,1,4,124633,***********,***********,스팸신고발신광고그룹지난주차로진행했던이벤트정답은삼성전자였습니다정답을보내주셨던분들께는안트로젠프로삼성제약프로현대바이오프로많은수익보여드리고도움드렸습니다못믿으시면문의주세요모두인증해드리겠습니다증권가최고의미공개정보주궁금하시죠차퀴즈이벤트안내대한민국위증권사는힌트키증권정답을문자로보내주세요선착순명정답을보내주시는분께는혜택을드립니다증권가최고의미공개정보월미공개정보주계약체결수주정보월의무공시정답을보내주신선착순명중분을추첨하여강원도선라이즈클럽밸리펜션박일권제공당첨안내월일문자발송정답을문자로보내주세요무료거부
35256,2021,1,4,125238,2021,1,4,131241,***********,***********,국외발신모든부채단십만원으로청산하는비결박여사가알려드려요
35257,2021,1,4,125240,2021,1,4,125317,***********,***********,국제발신모든부채단십만원으로청산하는비결박여사가알려드려요
35304,2021,1,4,125630,2021,1,4,125822,***********,***********,발신광고애코신축년의행복원과휴대폰만무료거부
35317,2021,1,4,125705,2021,1,4,134229,***********,***********,발신년주식황소급등주꽂아드릴테니들어오십쇼카톡방입장
35325,2021,1,4,125746,2021,1,4,125800,***********,***********,발신년주식황소급등주꽂아드릴테니들어오십쇼카톡방입장
35342,2021,1,4,125806,2021,1,4,131821,***********,***********,발신광고방법을알아야법니다최고의투자방식무료수신거부
35385,2021,1,4,125853,2021,1,4,125922,***********,***********,발신광고노후생활준비제가만들어드립니다무료거부
35423,2021,1,4,125934,2021,1,4,142512,***********,***********,발신광고긴말하지않습니다직접눈으로확인시세무료거부
35774,2021,1,4,130738,2021,1,4,130801,***********,***********,국제발신휴대폰과십만원으로빚청산소자본부업희경씨가도와드려요
35775,2021,1,4,130739,2021,1,4,142057,***********,***********,국외발신휴대폰과십만원으로빚청산소자본부업희경씨가도와드려요
35836,2021,1,4,130933,2021,1,4,133039,***********,***********,발신당첨축하드립니다백만원이오백만원으로오늘즉시나한테
35885,2021,1,4,131200,2021,1,4,162237,***********,***********,발신광고로드비전센터년추천종목대선반도체보내주세요무료수신거부
35932,2021,1,4,131321,2021,1,4,133246,***********,***********,발신년주식황소급등주꽂아드릴겁니다클릭후카톡방입장
35975,2021,1,4,131425,2021,1,4,234556,***********,***********,발신일추천종목인포뱅크상대웅년첫진입금일시참여시작거부
36073,2021,1,4,131628,2021,1,4,131649,***********,***********,발신년주식황소급등주꽂아드릴겁니다클릭후카톡방입장
36143,2021,1,4,131811,2021,1,4,132044,***********,***********,발신광고일평균시분공개단타체결방식오픈무료거부
36232,2021,1,4,131929,2021,1,4,132018,***********,***********,발신새해복이렇게받으세요출발현재일동안억을
36335,2021,1,4,132021,2021,1,4,141155,***********,***********,발신광고신흥투자그룹수익세력증빙종목매매확인무료거부
36454,2021,1,4,132304,2021,1,4,140515,***********,***********,국제발신돌파사회적거리두기수익률월억이색투자
36471,2021,1,4,132349,2021,1,4,175449,***********,***********,발신만으로하루만이상
36473,2021,1,4,132356,2021,1,4,184931,***********,***********,국외발신돌파사회적거리두기수익률월억이색투자
36531,2021,1,4,132657,2021,1,4,132721,***********,***********,발신광고리딩무료거부
36605,2021,1,4,132947,2021,1,4,143739,***********,***********,발신광고카카오에서선물이도착했습니다무료거부
36682,2021,1,4,133143,2021,1,4,133300,***********,***********,발신년주식황소급등주꽂아드릴테니클릭후카톡방입장
36687,2021,1,4,133147,2021,1,4,135149,***********,***********,발신광고펴새해엔더핫끈하게이색데이또무료거부
36768,2021,1,4,133341,2021,1,4,150407,***********,***********,발신년주식황소급등주꽂아드릴테니클릭후카톡방입장
36824,2021,1,4,133453,2021,1,4,142845,***********,***********,발신광고카카오선물이도착했어요무료수신거부
36914,2021,1,4,133627,2021,1,4,151717,***********,***********,발신광고경제위기원지원무료거부
37036,2021,1,4,133850,2021,1,4,160011,***********,***********,발신광고카카오톡에서선물이도착했습니다선물함이동무료수신거부
37206,2021,1,4,134257,2021,1,4,134329,***********,***********,발신광고단계로힘든요즘휴대폰하나로하는부업무료거부
37242,2021,1,4,134323,2021,1,4,134350,***********,***********,발신광고집중월달성누적무료거부
37334,2021,1,4,134558,2021,1,4,135322,***********,***********,발신만원으로만원비법방출네이버밴드독점적인기
37436,2021,1,4,135003,2021,1,4,142022,***********,***********,발신새해복이렇게받으세요출발현재억을일동안
37488,2021,1,4,135222,2021,1,4,164931,***********,***********,발신신한오늘주인공은당신입니다구매만원환급원
37547,2021,1,4,135332,2021,1,4,201511,***********,***********,발신광고카카오톡새해기념선물도착선물함이동무료수신거부
37568,2021,1,4,135536,2021,1,4,135615,***********,***********,발신광고카카오에서보낸선물이도착했습니다무료거부
37572,2021,1,4,135540,2021,1,4,150219,***********,***********,발신광고비행참여만으로잔고천만원무료거부
37764,2021,1,4,135835,2021,1,4,184401,***********,***********,국외발신십만원으로참여해서월만원벌자년최고의부업
37767,2021,1,4,135838,2021,1,4,135858,***********,***********,발신광고일평균단타체결분석가배치단체방운영무료거부
37774,2021,1,4,135842,2021,1,4,140225,***********,***********,국제발신십만원으로참여해서월만원벌자년최고의부업
37799,2021,1,4,135947,2021,1,4,140110,***********,***********,스팸신고발신광고주식회사무료종목안내접수라고회신주시면일반투자자는절대모르는공시예정종목을알려드립니다한푼도들지않습니다다음일정안내애플카관련주음압병실수혜주인수합병종목억발행예정주일반투자자는모르는공시예정종목입니다비밀엄수부탁드립니다보장혜택주수익확정일정주공시예정주안내정회원의유료종목공유단한푼도들어가지않습니다실력보여드릴테니체험해보세요접수라고회신주시면내일오전부터한달간종목안내드립니다무료거부
38056,2021,1,4,140631,2021,1,4,140845,***********,***********,발신광고휴대폰하나로월수입만원무료거부
38156,2021,1,4,140922,2021,1,4,141002,***********,***********,발신광고새해선물신년주력주탄소주단기수익참여무료거부
38307,2021,1,4,141115,2021,1,4,141438,***********,***********,발신시작만환만매일지키는원금무료설명
38417,2021,1,4,141516,2021,1,4,174430,***********,***********,국제발신십만원으로참여해서월만원벌자년최고의부업
38424,2021,1,4,141531,2021,1,4,170939,***********,***********,국외발신십만원으로참여해서월만원벌자년최고의부업
38478,2021,1,4,141807,2021,1,4,160801,***********,***********,국제발신식사비넣어드릴게요
38492,2021,1,4,141830,2021,1,4,141901,***********,***********,국외발신식사비넣어드릴게요
38563,2021,1,4,142012,2021,1,4,142833,***********,***********,발신광고추첨결과금당첨자확인무료거부
38616,2021,1,4,142114,2021,1,4,142910,***********,***********,발신광고손실걱정원금배공식후기들상담요청무료거부
38661,2021,1,4,142215,2021,1,4,151659,***********,***********,국제발신십만원으로참여해서월만원벌자년최고의부업
38789,2021,1,4,142439,2021,1,4,184651,***********,***********,발신광고다이아연초의행복휴대폰만준비하세요무료거부
38815,2021,1,4,142458,2021,1,4,144426,***********,***********,발신광고너무절실한현실이걸로모두해결무료거부
38906,2021,1,4,142621,2021,1,4,150752,***********,***********,발신광고아직도모르세요일원확인무료거부
39063,2021,1,4,142942,2021,1,4,151612,***********,***********,스팸신고발신광고주식투자필독월일종가추천대기유료결제절대없습니다대충하는리딩없습니다화력없는종목없습니다년정식투자자문금융사출범을앞두고그전까지무료리딩방을진행합니다장중단타종목추천종가베팅종목추천장마감옵션단타추천카톡방접속무료수신거부
39091,2021,1,4,143026,2021,1,4,144357,***********,***********,스팸신고광고주식투자필독월일종가추천대기유료결제절대없습니다대충하는리딩없습니다화력없는종목없습니다년정식투자자문금융사출범을앞두고그전까지무료리딩방을진행
39141,2021,1,4,143219,2021,1,4,162416,***********,***********,스팸신고발신광고주식투자필독월일종가추천대기유료결제절대없습니다대충하는리딩없습니다화력없는종목없습니다년정식투자자문금융사출범을앞두고그전까지무료리딩방을진행합니다장중단타종목추천종가베팅종목추천장마감옵션단타추천카톡방접속무료수신거부
39172,2021,1,4,143311,2021,1,4,150140,***********,***********,발신광고자산신축년의행복원과휴대폰만무료거부
39207,2021,1,4,143406,2021,1,4,143504,***********,***********,스팸신고발신광고주식투자필독월일종가추천대기유료결제절대없습니다대충하는리딩없습니다화력없는종목없습니다년정식투자자문금융사출범을앞두고그전까지무료리딩방을진행합니다장중단타종목추천종가베팅종목추천장마감옵션단타추천카톡방접속무료수신거부
39415,2021,1,4,143742,2021,1,4,145738,***********,***********,발신광고애코신축년등조합무료발급완료무료거부
39724,2021,1,4,145234,2021,1,4,184337,***********,***********,일세밀한프로토답지현미경정보무료정보지
39745,2021,1,4,145314,2021,1,4,145651,***********,***********,국제발신일세밀한프로토답지현미경정보무료정보지
39753,2021,1,4,145329,2021,1,4,151004,***********,***********,발신광고아직도이걸모르시나요밴드초대장도착무료거부
39785,2021,1,4,145402,2021,1,4,172852,***********,***********,발신광고제테크정확한정보안정성보장달천내계좌로무료수신거부
39975,2021,1,4,145942,2021,1,4,150205,***********,***********,발신광고김선영님께서밴드에초대하셨습니다무료거부
39989,2021,1,4,150114,2021,1,4,150143,***********,***********,발신광고컴퍼니년도많은사랑부탁드립니다무료거부
40002,2021,1,4,150139,2021,1,4,151323,***********,***********,발신광고한국복권리서치특허번호일등세명무료거부
40004,2021,1,4,150140,2021,1,4,170745,***********,***********,발신광고월일핵심수익무료공유무료거부
40212,2021,1,4,150600,2021,1,4,160201,***********,***********,발신광고월일핵심수익무료공유무료거부
40306,2021,1,4,150751,2021,1,4,184428,***********,***********,발신광고일환원문의무료거부
40322,2021,1,4,150811,2021,1,4,150918,***********,***********,발신광고새해선물대성파인텍매수내일날아갑니다무료거부
40618,2021,1,4,151534,2021,1,4,151554,***********,***********,발신광고만만품목추천받기무료거부
40730,2021,1,4,151928,2021,1,4,155056,***********,***********,발신광고힘들었던주부의삶하지만이것으로성공했다무료거부
40855,2021,1,4,152238,2021,1,4,183941,***********,***********,국제발신우리계열퍼스트신년감사이벤트가입축하만입금매일손해복구년무사고
40940,2021,1,4,152649,2021,1,4,165550,***********,***********,발신광고휴대폰으로분만에만만무료거부
41064,2021,1,4,153240,2021,1,4,153634,***********,***********,발신광고글로벌만만품목추천받기무료거부
41124,2021,1,4,153514,2021,1,4,154545,***********,***********,발신광고사장님위해원방문즉시만출금무료거부
41163,2021,1,4,153612,2021,1,4,153733,***********,***********,발신광고오늘부터진행해서힘든기간극복하기무료거부
41191,2021,1,4,153640,2021,1,4,212134,***********,***********,발신광고오만원과스마트폰이면만원입금완료무료거부
41220,2021,1,4,153814,2021,1,4,155136,***********,***********,발신광고회차당첨등만원주인공은당신무료거부
41267,2021,1,4,153916,2021,1,4,154011,***********,***********,국외발신년코스피달성을위해동학개미천명이한곳에뭉쳤습니다기관외국인이제무섭지않습니다동학개미모임방
41268,2021,1,4,153919,2021,1,4,161258,***********,***********,년코스피달성을위해동학개미천명이한곳에뭉쳤습니다기관외국인이제무섭지않습니다동학개미모임방
41412,2021,1,4,154716,2021,1,4,161240,***********,***********,발신광고수익보장실력있는전문가상담하기무료거부
41445,2021,1,4,154902,2021,1,4,212213,***********,***********,발신광고우리감사행사등록후발급쿠폰증정무료거부
41683,2021,1,4,155749,2021,1,4,162026,***********,***********,발신광고해택증정공휴일평일무료거부
41738,2021,1,4,160144,2021,1,4,160844,***********,***********,발신광고년신축년당첨축하드려요무료수신거부
41764,2021,1,4,160212,2021,1,4,164143,***********,***********,국제발신오늘만뽑았네요꽁장준다하니대박도전해보세요추
41766,2021,1,4,160216,2021,1,4,160501,***********,***********,국외발신오늘만뽑았네요꽁장준다하니대박도전해보세요추
41871,2021,1,4,160512,2021,1,4,171707,***********,***********,국제발신우리계열신규브랜드소개합니다플뱅슬레이크릇새회원께증정
41914,2021,1,4,160642,2021,1,4,162652,***********,***********,스팸신고발신광고본방은금전적요구혹은유료방전환등의공정거래질서에반하는행위를하지않고있으며증권관련법규등을준수하여정보이용자의권익을보호하고있습니다코스피돌파이제는전망이좋은산업군의투자할때입니다투자는기업의가치를평가하고그가치가시장에올바르게반영되었는지를따져서저평가매수를하는것이정석입니다매일기업및시장의흐름강의를통해시장을보는눈을길러드리며주식시장의대한완전히다른관점을제시해드리겠습니다같이공부해가며어떤투자가올바른투자인지어떤종목이좋은종목인지무료로배워가세요묻지마투자가아닌이유와근거가있는투자도와드리겠습니다관심종목을통한수익또한여타유료방과비교할수없습니다지금참여하세요이베스트실전투자대회위삼성증권국내선물옵션실전투자위한국경제출연매일경제출연이베스트투자증권출연참여참여참여무료거부
41918,2021,1,4,160651,2021,1,4,161338,***********,***********,스팸신고발신광고본방은금전적요구혹은유료방전환등의공정거래질서에반하는행위를하지않고있으며증권관련법규등을준수하여정보이용자의권익을보호하고있습니다코스피돌파이제는전망이좋은산업군의투자할때입니다투자는기업의가치를평가하고그가치가시장에올바르게반영되었는지를따져서저평가매수를하는것이정석입니다매일기업및시장의흐름강의를통해시장을보는눈을길러드리며주식시장의대한완전히다른관점을제시해드리겠습니다같이공부해가며어떤투자가올바른투자인지어떤종목이좋은종목인지무료로배워가세요묻지마투자가아닌이유와근거가있는투자도와드리겠습니다관심종목을통한수익또한여타유료방과비교할수없습니다지금참여하세요이베스트실전투자대회위삼성증권국내선물옵션실전투자위한국경제출연매일경제출연이베스트투자증권출연참여참여참여무료거부
42125,2021,1,4,161053,2021,1,4,162117,***********,***********,국제발신플레이이번주화이팅느좋은오늘놀러오세요
42168,2021,1,4,161141,2021,1,4,161243,***********,***********,년코스피달성을위해동학개미천명이한곳에뭉쳤습니다기관외국인이젠무섭지않습니다동학개미모임방
42174,2021,1,4,161150,2021,1,4,161216,***********,***********,국제발신년코스피달성을위해동학개미천명이한곳에뭉쳤습니다기관외국인이젠무섭지않습니다동학개미모임방
42203,2021,1,4,161231,2021,1,4,163142,***********,***********,발신새해첫번째매년폭등했던미공시재료공개금일인포뱅크추천
42419,2021,1,4,161631,2021,1,4,165238,***********,***********,발신광고오천원시작계속늘어나는잔고무료거부
42512,2021,1,4,161936,2021,1,4,162256,***********,***********,발신새해첫번째매년폭등했던미공시재료공개금일인포뱅크추천
42548,2021,1,4,162104,2021,1,4,171007,***********,***********,발신광고일평균이상년신규고객모집무료거부
42710,2021,1,4,162648,2021,1,4,193744,***********,***********,발신일추천종목인포뱅크상녹십자홀딩스우상년첫진입참여답장거부
42714,2021,1,4,162728,2021,1,4,162758,***********,***********,발신안녕하세요휴대폰개통처예요무료행사중삼성노트명한정이름을남겨주세요
42879,2021,1,4,163252,2021,1,4,170813,***********,***********,발신광고신약파이프라인관련주크게갑니다링크클릭무료거부
42927,2021,1,4,163424,2021,1,4,163553,***********,***********,발신광고쿠폰전송현금발급무료거부
43028,2021,1,4,163717,2021,1,4,163744,***********,***********,발신광고김용진대표원금보장형상품무료거부
43047,2021,1,4,163745,2021,1,4,175128,***********,***********,발신핸드폰개통처에요광고노트무료명한정성함적어주세요수신거부
43053,2021,1,4,163755,2021,1,4,163818,***********,***********,핸드폰개통처에요광고노트무료명한정성함적어주세요수신거부
43067,2021,1,4,163807,2021,1,4,201909,***********,***********,발신광고해택증정공휴일평일무료거부
43096,2021,1,4,163848,2021,1,4,165324,***********,***********,국제발신꽁장받고신년운세보세요전장성공
43283,2021,1,4,164333,2021,1,4,172337,***********,***********,발신광고집중하루달성누적무료거부
43286,2021,1,4,164339,2021,1,4,164401,***********,***********,발신광고다이아연초의행복초아의밴드무료거부
43314,2021,1,4,164402,2021,1,4,164900,***********,***********,국제발신박현주밴드로초대핸드폰만준비하세요
43524,2021,1,4,164838,2021,1,4,173905,***********,***********,발신광고신축년긴급종목안내무료거부
43600,2021,1,4,165148,2021,1,4,172439,***********,***********,발신광고한국증권연구소세력연합작전주무료입장무료거부
43774,2021,1,4,165538,2021,1,4,183502,***********,***********,발신광고자산간절하다폰과만원있으면무료거부
43888,2021,1,4,165923,2021,1,4,170004,***********,***********,발신새해복이렇게받으세요출발현재억을일동안
43907,2021,1,4,165945,2021,1,4,184757,***********,***********,국제발신카카오증권에서보낸원당첨되었습니다확인
43919,2021,1,4,170003,2021,1,4,184456,***********,***********,발신새해첫번째매년폭등했던미공시재료공개클릭하여입장
43993,2021,1,4,170127,2021,1,4,171840,***********,***********,발신광고드림신축년의행복일만원과휴대폰만무료거부
44069,2021,1,4,170334,2021,1,4,171410,***********,***********,발신광고일환원문의무료거부
44182,2021,1,4,170641,2021,1,4,170923,***********,***********,발신새해첫번째매년폭등했던미공시재료공개클릭하여입장
44226,2021,1,4,170840,2021,1,4,170902,***********,***********,발신광고이덕분에일만에차바꿨답니다무료거부
44343,2021,1,4,171226,2021,1,4,180304,***********,***********,발신광고미래양차장국영지앤엠내일오전체크종가입장입장답변무료거부
44377,2021,1,4,171245,2021,1,4,184238,***********,***********,발신광고빅투자김동환국영지앤엠내일오전체크오후종가입장입장무료거부
44571,2021,1,4,171628,2021,1,4,172440,***********,***********,발신광고엔조이컴퍼니신축년이벤트무료거부
44595,2021,1,4,171719,2021,1,4,172443,***********,***********,국제발신년코스피달성을위해동학개미천명이한곳에뭉쳤습니다외국인기관이제무섭지않습니다동학개미모임방
44638,2021,1,4,171859,2021,1,4,180924,***********,***********,발신광고초대장초대장발급무료거부
44666,2021,1,4,172002,2021,1,4,180201,***********,***********,발신새해첫번째매년폭등했던미공시재료공개클릭하여입장
44677,2021,1,4,172014,2021,1,4,173600,***********,***********,발신광고이강호대표원금보장형상품무료거부
44720,2021,1,4,172149,2021,1,4,190347,***********,***********,발신새해첫번째매년폭등했던미공시재료공개클릭하여입장
44833,2021,1,4,172402,2021,1,4,173707,***********,***********,발신광고한국증권연구소세력작전주무료입장무료거부
44855,2021,1,4,172519,2021,1,4,172628,***********,***********,발신광고사장님요청하신신년급등정보입니다정보공유무료거부
44886,2021,1,4,172621,2021,1,4,172734,***********,***********,발신광고최상위급등예상국영지앤엠플랜티넷내일분명급등합니다무료거부
44990,2021,1,4,172934,2021,1,4,174521,***********,***********,발신광고최상위경제플랜티넷국영지앤엠낼오전장체크무료거부
45032,2021,1,4,173017,2021,1,4,175426,***********,***********,발신광고이용해집과차구매했습니다무료수신거부
45061,2021,1,4,173050,2021,1,4,173104,***********,***********,발신광고주희또하나의월급만들기무료거부
45072,2021,1,4,173102,2021,1,4,173300,***********,***********,년코스피달성을위해동학개미천명이한곳에뭉쳤습니다외국인기관이제무섭지않습니다동학개미모임방
45104,2021,1,4,173128,2021,1,4,173154,***********,***********,발신광고옥희하루에만원버는법무료거부
45134,2021,1,4,173149,2021,1,4,173615,***********,***********,국제발신등모바일게임어메이징보너스도착쿠폰지급대한민국안심모바일번호입력옥타곤
45165,2021,1,4,173243,2021,1,4,173306,***********,***********,발신수도권단계연장나가지도못할때댁에서목돈만드세요내돈이으로
45166,2021,1,4,173244,2021,1,4,200847,***********,***********,발신광고스마트폰으로당일만인증번호무료거부
45180,2021,1,4,173252,2021,1,4,180300,***********,***********,발신광고내일매도종목국영지앤엠내일확인김준혁무료거부
45363,2021,1,4,173535,2021,1,4,175806,***********,***********,발신광고스마트폰으로당일만인증번호무료거부
45402,2021,1,4,173602,2021,1,4,174009,***********,***********,국제발신십만원으로참여해서목돈만원벌자년최고의부업
45451,2021,1,4,173703,2021,1,4,180738,***********,***********,발신광고스마트폰으로당일만인증번호무료거부
45480,2021,1,4,173742,2021,1,4,175715,***********,***********,발신광고주희매일만원벌어요무료거부
45493,2021,1,4,173808,2021,1,4,180833,***********,***********,발신광고초청장무료거부
45608,2021,1,4,174132,2021,1,4,175742,***********,***********,국제발신새해선물도착알림코드입력시원드려요무간성눌러서입장
45616,2021,1,4,174220,2021,1,4,174239,***********,***********,국제발신새해기념원모바일매일시상천부터도다리눌러요
45836,2021,1,4,175250,2021,1,4,175316,***********,***********,발신관심등록고바이오랩국영지앤엠첫진입종목오늘참여한분들축하드립니다다음은
45856,2021,1,4,175409,2021,1,4,204313,***********,***********,발신광고고바이오랩동신건설신년장분석완료내일또지켜만보게요무료거부
45858,2021,1,4,175414,2021,1,4,175433,***********,***********,국제발신쓰뽀쯔민희껨처음삼십프로치킨닷꽁코
45984,2021,1,4,175555,2021,1,4,175615,***********,***********,국제발신만원이면달천만가능한비결
46026,2021,1,4,175653,2021,1,4,210023,***********,***********,새해선물도착알림코드입력시원드려요무간성눌러서입장
46070,2021,1,4,175740,2021,1,4,194311,***********,***********,국제발신만원이면달천만가능한비결
46200,2021,1,4,180117,2021,1,4,201129,***********,***********,국제발신년코스피달성을위해동학개미천명이한곳에뭉쳤습니다외국인기관이제무섭지않습니다동학개미모임방
46201,2021,1,4,180118,2021,1,4,184315,***********,***********,년코스피달성을위해동학개미천명이한곳에뭉쳤습니다외국인기관이제무섭지않습니다동학개미모임방
46211,2021,1,4,180129,2021,1,4,192049,***********,***********,국외발신년코스피달성을위해동학개미천명이한곳에뭉쳤습니다외국인기관이제무섭지않습니다동학개미모임방
46273,2021,1,4,180238,2021,1,4,180306,***********,***********,스팸신고발신광고이윤투자익일월일상승할종목공개합니다오랜만에연락드리네요참힘들었던년도장이끝나고반등장세가시작되었습니다반등이나오더라도어떤테마종목들을들어가야할지저점매수타이밍이언제인지저희보다는모르실거라고자신있게말씀드립니다어느정도아신다고하실지라도그동안물려있는보유종목들을정리하셔서진입하셔야할텐데어디서부터정리해나가야할지막막하실거라고도생각이들고요지금까지고민하시는동안회원님계좌는점점악화돼있을텐데부디지금부터라도저희와함께하시어이겨내길기원합니다월일화요일상승종목국영지앤엠월일원매수완료고바이오랩월일원매수완료추격매입금지개인들은정보가있어도매수매도타이밍을잡기힘드니지켜만보세요지금이라도제대로함께하시겠다는분들은종목확인답장주세요무료수신거부
46295,2021,1,4,180305,2021,1,4,180339,***********,***********,발신광고메인경제급등단타잡기무료관리무료거부
46314,2021,1,4,180331,2021,1,4,180732,***********,***********,발신첫진입프리시젼바이오시외상승두번째추천주는매수하실분참가무료거부
46477,2021,1,4,180554,2021,1,4,181342,***********,***********,발신새해첫번째매년폭등했던미공시재료공개클릭하여입장
46535,2021,1,4,180716,2021,1,4,180754,***********,***********,발신광고국영지앤엠동신건설한주의시작지금출발같이하세요답장무료거부
46591,2021,1,4,180834,2021,1,4,182555,***********,***********,등모바일게임어메이징보너스도착쿠폰지급대한민국안심모바일번호입력리스본
46610,2021,1,4,180851,2021,1,4,190014,***********,***********,발신광고이연수플래너가당신을초대합니다무료거부
46629,2021,1,4,180908,2021,1,4,183538,***********,***********,국제발신만원이면달천만가능한비결
46651,2021,1,4,180926,2021,1,4,184036,***********,***********,국제발신등모바일게임어메이징보너스도착쿠폰지급대한민국안심모바일번호입력리스본
46716,2021,1,4,181010,2021,1,4,192803,***********,***********,스팸신고발신광고새해복많이받으세요행복을만드는나우이지센터장이민우입니다필독아무리돈되는좋은재료를지금드린다고해도저희를신뢰하실수없으시면진입하기어려우실겁니다해서지속해서실력을보여드리겠습니다설마매일맞추겠어다른곳이랑다르게매일보여드릴테니번호를저장하시고매일확인해보시면믿기힘든일들이일어나게될겁니다금일추천종목공개합니다국영지앤엠소액운영자품목으로오늘진입했다고가정하시고내일오전시부터꼭확인해보세요눈으로만보세요입회제로운영중이라오늘재료를장끝난후공개할수밖에없는점양지바랍니다입회후장중추천금일은상담업무가종료되었습니다상담시간평일시시무료수신거부
46759,2021,1,4,181043,2021,1,4,181550,***********,***********,스팸신고발신광고새해복많이받으세요행복을만드는센터장이민우입니다필독아무리돈되는좋은재료를지금드린다고해도저희를신뢰하실수없으시면진입하기어려우실겁니다해서지속해서실력을보여드리겠습니다설마매일맞추겠어다른곳이랑다르게매일보여드릴테니번호를저장하시고매일확인해보시면믿기힘든일들이일어나게될겁니다금일추천종목공개합니다국영지앤엠소액운영자품목으로오늘진입했다고가정하시고내일오전시부터꼭확인해보세요눈으로만보세요입회제로운영중이라오늘재료를장끝난후공개할수밖에없는점양지바랍니다입회후장중추천금일은상담업무가종료되었습니다상담시간평일시시무료거부
47012,2021,1,4,181412,2021,1,4,182756,***********,***********,발신광고메인경제급등단타잡기무료관리무료거부
47044,2021,1,4,181536,2021,1,4,182012,***********,***********,발신년주식무료체험기모집참여답장주시면개별연락드립니다
47434,2021,1,4,182055,2021,1,4,182445,***********,***********,발신국영지앤엠동신건설년최소무료체험클릭입장
47608,2021,1,4,182218,2021,1,4,183657,***********,***********,발신국영지앤엠동신건설년최소대박종목공개입장클릭
47632,2021,1,4,182230,2021,1,4,183552,***********,***********,국영지앤엠동신건설년최소대박종목공개입장클릭
47734,2021,1,4,182328,2021,1,4,182517,***********,***********,스팸신고발신광고그룹지난주차로진행했던이벤트정답은삼성전자였습니다정답을보내주셨던분들께는안트로젠프로삼성제약프로현대바이오프로실력보여드리고도움드렸습니다문의주세요모두공개하겠습니다증권가최고의미공개정보주궁금하시죠차퀴즈이벤트안내대한민국위증권사는힌트키증권정답을문자로보내주세요선착순명정답을보내주시는분께는혜택을드립니다증권가최고의미공개정보월미공개정보주계약체결수주정보월의무공시정답을보내주신선착순명중분을추첨하여강원도선라이즈클럽밸리펜션박일권제공당첨안내월일바로확인정답을문자로보내주세요무료거부
47749,2021,1,4,182331,2021,1,4,182405,***********,***********,스팸신고발신광고그룹지난주차로진행했던이벤트정답은삼성전자였습니다정답을보내주셨던분들께는안트로젠프로삼성제약프로현대바이오프로실력보여드리고도움드렸습니다문의주세요모두공개하겠습니다증권가최고의미공개정보주궁금하시죠차퀴즈이벤트안내대한민국위증권사는힌트키증권정답을문자로보내주세요선착순명정답을보내주시는분께는혜택을드립니다증권가최고의미공개정보월미공개정보주계약체결수주정보월의무공시정답을보내주신선착순명중분을추첨하여강원도선라이즈클럽밸리펜션박일권제공당첨안내월일바로확인정답을문자로보내주세요무료거부
47777,2021,1,4,182337,2021,1,4,182611,***********,***********,발신광고만원으로만을밴드로초대무료거부
47853,2021,1,4,182355,2021,1,4,221002,***********,***********,발신국영지앤엠동신건설한주의시작지금참여하세요참여번거부번무료거부
48964,2021,1,4,183235,2021,1,4,185124,***********,***********,발신정보주동신건설국영지앤엠월첫스타트최소공시임박년기모집답
48965,2021,1,4,183235,2021,1,4,183541,***********,***********,정보주동신건설국영지앤엠월첫스타트최소공시임박년기모집답
49097,2021,1,4,183357,2021,1,4,183934,***********,***********,발신광고웃음소리많은년끼본충무료수신거부
49901,2021,1,4,184018,2021,1,4,184034,***********,***********,발신광고한반도국영지앤엠고바이오랩금일체결완료내일확인최성언부장무료거부
49932,2021,1,4,184243,2021,1,4,191342,***********,***********,스팸신고발신광고맛집정보공유호가창이얇아많이살수없는품절주대선관련주랠리시작다시움직이는차전지미노출수혜주끝나지않은바이러스를없앨게임체인저가될국내업체여기까지눈으로직접확인시켜드리겠습니다놓치고싶지않으신분들은입장해주세요이모든것을무료로보여드리겠습니다무료거부
49938,2021,1,4,184249,2021,1,4,184316,***********,***********,스팸신고발신광고맛집정보공유호가창이얇아많이살수없는품절주대선관련주랠리시작다시움직이는차전지미노출수혜주끝나지않은바이러스를없앨게임체인저가될국내업체여기까지눈으로직접확인시켜드리겠습니다놓치고싶지않으신분들은입장해주세요이모든것을무료로보여드리겠습니다무료거부
50030,2021,1,4,184454,2021,1,4,190323,***********,***********,발신월국세청연금지급확대지원금받아보세요
50220,2021,1,4,185257,2021,1,4,191600,***********,***********,발신조원특삼성수혜주내일장곧바로상한가차전지미공개수혜주최소연상공개
50311,2021,1,4,190005,2021,1,4,190326,***********,***********,발신광고일평균입금년신규리딩무료거부
50318,2021,1,4,190032,2021,1,4,190110,***********,***********,스팸신고발신광고대한투자증권대한투자증권체험이벤트직접보여드리는게확실하다고생각하여준비하게됐습니다코스피지수를앞둔시점에서아직도주식으로수익못보시는분들을위해무료체험서비스를준비했습니다백신유통관련주신규상장관련주월에정보주는총종목입니다무조건믿고따라오라말씀안드립니다실력부터보시고판단하시면됩니다이번체험이벤트는비용이들어가지않습니다실력부터보여드릴테니먼저체험하시고판단해주시면됩니다실력이라고연락주시면내일오전부터회원님들의정보공유됩니다무료수신거부
50322,2021,1,4,190034,2021,1,4,194821,***********,***********,스팸신고발신광고대한투자증권대한투자증권체험이벤트직접보여드리는게확실하다고생각하여준비하게됐습니다코스피지수를앞둔시점에서아직도주식으로수익못보시는분들을위해무료체험서비스를준비했습니다백신유통관련주신규상장관련주월에정보주는총종목입니다무조건믿고따라오라말씀안드립니다실력부터보시고판단하시면됩니다이번체험이벤트는비용이들어가지않습니다실력부터보여드릴테니먼저체험하시고판단해주시면됩니다실력이라고연락주시면내일오전부터회원님들의정보공유됩니다무료수신거부
50332,2021,1,4,190043,2021,1,4,190417,***********,***********,스팸신고광고대한투자증권대한투자증권체험이벤트직접보여드리는게확실하다고생각하여준비하게됐습니다코스피지수를앞둔시점에서아직도주식으로수익못보시는분들을위해무료체험
50341,2021,1,4,190115,2021,1,4,190302,***********,***********,스팸신고광고대한투자증권대한투자증권체험이벤트직접보여드리는게확실하다고생각하여준비하게됐습니다코스피지수를앞둔시점에서아직도주식으로수익못보시는분들을위해무료체험서비스를준비했습니다백신유통관련주신규상장관련주월에정보주는총종목입니다무조건믿고따라오라말씀안드립니다실력부터보시고판단하시면됩니다이번체험이벤트는비용이들어가지않습니다실력부터보여드릴테니먼저체험하시고판단해주시면됩니다실력이라고연락주시면내일오전부터회원님들의정보공유됩니다무료수신거부
50681,2021,1,4,190613,2021,1,4,221201,***********,***********,스팸신고발신광고맛집정보공유호가창이얇아많이살수없는품절주대선관련주랠리시작다시움직이는차전지미노출수혜주끝나지않은바이러스를없앨게임체인저가될국내업체여기까지눈으로직접확인시켜드리겠습니다놓치고싶지않으신분들은입장해주세요이모든것을무료로보여드리겠습니다무료거부
50735,2021,1,4,190648,2021,1,4,194130,***********,***********,스팸신고발신광고맛집정보공유호가창이얇아많이살수없는품절주대선관련주랠리시작다시움직이는차전지미노출수혜주끝나지않은바이러스를없앨게임체인저가될국내업체여기까지눈으로직접확인시켜드리겠습니다놓치고싶지않으신분들은입장해주세요이모든것을무료로보여드리겠습니다무료거부
50879,2021,1,4,190757,2021,1,4,205412,***********,***********,스팸신고발신광고대한투자증권대한투자증권체험이벤트직접보여드리는게확실하다고생각하여준비하게됐습니다코스피지수를앞둔시점에서아직도주식으로수익못보시는분들을위해무료체험서비스를준비했습니다백신유통관련주신규상장관련주월에정보주는총종목입니다무조건믿고따라오라말씀안드립니다실력부터보시고판단하시면됩니다이번체험이벤트는비용이들어가지않습니다실력부터보여드릴테니먼저체험하시고판단해주시면됩니다실력이라고연락주시면내일오전부터회원님들의정보공유됩니다무료수신거부
50900,2021,1,4,190809,2021,1,4,192124,***********,***********,스팸신고발신광고대한투자증권대한투자증권체험이벤트직접보여드리는게확실하다고생각하여준비하게됐습니다코스피지수를앞둔시점에서아직도주식으로수익못보시는분들을위해무료체험서비스를준비했습니다백신유통관련주신규상장관련주월에정보주는총종목입니다무조건믿고따라오라말씀안드립니다실력부터보시고판단하시면됩니다이번체험이벤트는비용이들어가지않습니다실력부터보여드릴테니먼저체험하시고판단해주시면됩니다실력이라고연락주시면내일오전부터회원님들의정보공유됩니다무료수신거부
51085,2021,1,4,190928,2021,1,4,190951,***********,***********,발신국영지앤엠지앤엠동신건설매수체결완료연락드리겠습니다답장거부
51380,2021,1,4,191412,2021,1,4,204242,***********,***********,발신광고미래임팀장국영지앤엠금일진입내일확인후불제등록무료거부
51607,2021,1,4,192031,2021,1,4,213820,***********,***********,발신새해첫번째복매년폭등했던미공시재료공개클릭하여입장
51707,2021,1,4,192637,2021,1,4,193204,***********,***********,발신새해첫번째매년폭등했던미공시재료공개클릭하여입장
51739,2021,1,4,192713,2021,1,4,204250,***********,***********,발신광고더어블바따년대박년배고례쌍어무료수신거부
51781,2021,1,4,193146,2021,1,4,193243,***********,***********,발신월국세청연금지급확대지원금받아보세요
51806,2021,1,4,193204,2021,1,4,212003,***********,***********,발신정부거리두기관련단타매일추천완전무료회비평생무료받기
51908,2021,1,4,193549,2021,1,4,200500,***********,***********,발신핸드폰개통점이예요광고삼성명한정무료성함적어주세요무료거부
52013,2021,1,4,194042,2021,1,4,194151,***********,***********,발신서울시장안철수유력후보관련주단타평생무료받기
52071,2021,1,4,194359,2021,1,4,194552,***********,***********,발신광고내일부터상한가종목장중에줄게요입장하기무료거부
52159,2021,1,4,194838,2021,1,4,202709,***********,***********,발신광고대한통운운송대기물류센터보관주소지수정무료수신거부
52235,2021,1,4,195051,2021,1,4,195428,***********,***********,발신서울시장안철수유력후보관련주단타완전무료입장
52616,2021,1,4,195805,2021,1,4,203922,***********,***********,스팸신고발신광고모두집중해주세요최근주식관심이많아지며새로진입한개인투자자들을타겟으로한유료방행태에피해가급격히늘고있습니다비대면유투업체들에절대낚이지마시고더이상비전문가에게속아종목물리지마세요가족지인들까지피해발생에참다못해평생무료주식방오픈하였으며익명입장가능합니다기업실사재무제표호재를바탕으로차트로만분석하는잘못된투자습관을바꿔드리고익절로증명하겠습니다무료거부
52930,2021,1,4,200810,2021,1,4,200842,***********,***********,발신서울시장안철수당선유력관련주매일공개완전무료입장
52931,2021,1,4,200811,2021,1,4,200901,***********,***********,서울시장안철수당선유력관련주매일공개완전무료입장
53530,2021,1,4,204043,2021,1,4,204622,***********,***********,발신광고서비스우성신규쿠폰무료거부
53531,2021,1,4,204216,2021,1,4,204235,***********,***********,발신광고야행사매일지냉함입금시무료수신거부
53546,2021,1,4,204356,2021,1,4,212652,***********,***********,스팸신고발신각종미디어보다빠른정보와판단으로다수가참여가능한편성단기수익확률이상단기적인재료가강력한품절예정주무상으로확인하기입장위의주소눌러서입장지난기무료종목편성누적수익률달성직장인도접근가능한종목편성이벤트내일부터편성할종목들의재료는아래와같습니다사백신긴급승인차계약체결확정차재난지원금반사이익확정신재생공약조차협력계약확정인원이너무과도하면비밀번호가설정될수있습니다가능하면신속하게확인부탁드립니다
53549,2021,1,4,204405,2021,1,4,215735,***********,***********,스팸신고발신각종미디어보다빠른정보와판단으로다수가참여가능한편성단기수익확률이상단기적인재료가강력한품절예정주무상으로확인하기입장위의주소눌러서입장지난기무료종목편성누적수익률달성직장인도접근가능한종목편성이벤트내일부터편성할종목들의재료는아래와같습니다사백신긴급승인차계약체결확정차재난지원금반사이익확정신재생공약조차협력계약확정인원이너무과도하면비밀번호가설정될수있습니다가능하면신속하게확인부탁드립니다
53797,2021,1,4,210213,2021,1,4,210413,***********,***********,국제발신하루최소만원씩벌수있는주부님들이선택한올해네이버공식카페
53907,2021,1,4,212635,2021,1,4,220826,***********,***********,발신광고서비스우성신규쿠폰무료거부
53974,2021,1,5,13417,2021,1,5,51202,***********,***********,국외발신저번주에만뽑았네요꽁장준다하니대박도전해보세요코드
53975,2021,1,5,13418,2021,1,5,62655,***********,***********,국제발신저번주에만뽑았네요꽁장준다하니대박도전해보세요코드
53983,2021,1,5,13453,2021,1,5,33055,***********,***********,저번주에만뽑았네요꽁장준다하니대박도전해보세요코드
54120,2021,1,5,63327,2021,1,5,63336,***********,***********,스팸신고발신광고베스트안녕하세요이현우대표입니다투자에어려움많으시죠주식에손실을보면서오르기만기다리시는분들이제저희와함께성투합시다이제는변화를줘야될때입니다고민만하신다면지금보다더나은삶을살수없습니다저희와함께라면초보자들도쉽게따라할수있습니다한달평균이상수익실현가능합니다회원명이상참여하고계시며안정적인수익구조가구축되어있습니다아래는공식주소이며회원님들의생생한수익후기를직접보실수있습니다성투후실제이야기를눈으로확인하세요네이버공식카페상담받아요무료거부
54121,2021,1,5,80616,2021,1,5,80653,***********,***********,스팸신고발신광고국민이존재하는이유는당신이있기에란이름으로변함없는마음으로곁에서지켜드리겠습니다올해도국민은행는언제나당신의하루를진심으로응원합니다고객님께서는올해정부에서정해진예산을통해보증지원대출대상자로상품내용을확인하여기간내에신청하시길바랍니다상품특징적은소득과낮은신용점수로인해제도권금융이용이어려운취약계층에게신용보증지원을통해저금리대출지원기존에정책자금을이용한보증부대출보유자에대해서추가보증지원보증부보증기관국민은행신용보증재단보증기간최장년자금용도에따라변동보증료율면제보증지원상품전월세생계대환사업창업자금등접수기간년월일금까지사행성관련하여보증대출진행시보증소멸및신용보증재단등재상품구성보증한도최대억원고금리대출원금범위내보증금리고정연대출기간년단위최장년이내연장가능상환방법원리금균등원금균등일시상환선택취급및중도상환수수료면제상환이자유예기간대출승인후개월설정가능한도와금리는자금활용도에따라차등될수있습니다대출거치운용은년단위씩변경이가능합니다자격조건만세연령제한없음당사고객또는신규고객저소득저신용자신용평점점기준개월이상중고금리대출담보대출보유소득증빙관계없이개월이상근무자직장인프리랜서계약직파견직개인사업자주부등무직자경우정핵형보장보험보유자경우신청가능개월이상연체부도공과금체납신용복지원파산및면책결정개인회생등의사유이신경우는
54123,2021,1,5,81006,2021,1,5,82845,***********,***********,스팸신고발신광고국민는올해도극복할수있다는마음가짐으로최선을다해당신을응원합니다년새해도여러분들의가정의건강과행복이가득하길바랍니다고객님께서는이번신용보증재단에서진행되는신용보증대출대상자로상품내용을확인하여기간내에신청하시길바랍니다상품특징저소득소상공인등의신용자들이사용할수있는조건을완화시켜주는정부에서지원하는보증상품시중일반대출에비해보증지원상품으로낮은금리와높은한도보장기존에정책자금을이용한보증부대출보유자에대해서추가보증지원보증부보증기관국민은행신용보증재단보증기간최장년자금용도에따라변동보증료율면제보증상품마통전월세생계대환사업창업자금등접수기간년월일목까지사행성관련하여보증대출진행시보증소멸및신용보증재단등재보증대출대상에해당하더라도최종적인대출여부는여신심사결과에따라승인여부가결정됩니다상품구성보증한도최대억원이내고정금리연대출기간년단위최장년기한연장가능상환방법원리금균등원금균등일시상환선택취급및중도상환수수료없음한도와금리는신용평점에및자금용도에따라차등적용이될수있습니다최초거치시년단위로변경이가능합니다자격조건만세연령제한없음당사고객또는신규고객저소득저신용자신용평점점기준개월이상중고금리대출담보대출보유소득증빙관계없이개월이상근무자직장인프리랜서계약직파견직개인사업자주부등무직자경우정핵형보장보험보유자경우신청가능개월이상연체부도공과금
54164,2021,1,5,82919,2021,1,5,90354,***********,***********,스팸신고발신광고플러스론플러스론는년도당신의곁에서항상변함없이응원합니다신년이벤트신년맞이이벤트로저금리가능한상품안내를해드립니다상품내용과접수기간을확인하여혜택받으시길바랍니다신청기간년월일마감접수자가많으니빠른신청바랍니다상품내용낮은신용평점또는과다부채로인해추가한도대출승인이나오지않는분들에게최적화적인상품입니다상품특징상품진행시별도발생하는비용없이진행가능복잡한서류준비없이당일신청가능신규고객신규대출상품이용가능상품요약대출한도최대만원기준금리대출기간년최대년까지만기시심사후에년단위로갱신별도의추가발생되는수수료없음자유롭게대출금상환가능신청대상만세이상내국인직종관계없이주부학생모두가능개인사업자신용등급무관대보험미가입자프리랜서일용직현금소득수령자신청가능재직기간제한없음상담문의삼담시간오전시오후시토일공휴일제외음성에따라진행하지면접수됩니다동일시간대접수자가많을경우연결이지연될수있는점양해부탁드립니다정보통신망이용촉진및정보보호제조항에의거광고수신동의후발송하였으며본광고를원치않을시아래수신거부번호로신청해주시기바랍니다무료거부
54179,2021,1,5,83223,2021,1,5,85149,***********,***********,국제발신투자자문사에가입비내고종목받지마시고주가조작세력에합류하셔서작전종목과고급찌라시정보를무료로받으세요무료카톡입장
54180,2021,1,5,83224,2021,1,5,85056,***********,***********,국외발신투자자문사에가입비내고종목받지마시고주가조작세력에합류하셔서작전종목과고급찌라시정보를무료로받으세요무료카톡입장
54190,2021,1,5,83237,2021,1,5,83337,***********,***********,투자자문사에가입비내고종목받지마시고주가조작세력에합류하셔서작전종목과고급찌라시정보를무료로받으세요무료카톡입장
54266,2021,1,5,83706,2021,1,5,83911,***********,***********,스팸신고발신광고플러스론플러스론는년도당신의곁에서항상변함없이응원합니다신년이벤트신년맞이이벤트로저금리가능한상품안내를해드립니다상품내용과접수기간을확인하여혜택받으시길바랍니다신청기간년월일마감접수자가많으니빠른신청바랍니다상품내용낮은신용평점또는과다부채로인해추가한도대출승인이나오지않는분들에게최적화적인상품입니다상품특징상품진행시별도발생하는비용없이진행가능복잡한서류준비없이당일신청가능신규고객신규대출상품이용가능상품요약대출한도최대만원기준금리대출기간년최대년까지만기시심사후에년단위로갱신별도의추가발생되는수수료없음자유롭게대출금상환가능신청대상만세이상내국인직종관계없이주부학생모두가능개인사업자신용등급무관대보험미가입자프리랜서일용직현금소득수령자신청가능재직기간제한없음상담문의삼담시간오전시오후시토일공휴일제외음성에따라진행하지면접수됩니다동일시간대접수자가많을경우연결이지연될수있는점양해부탁드립니다정보통신망이용촉진및정보보호제조항에의거광고수신동의후발송하였으며본광고를원치않을시아래수신거부번호로신청해주시기바랍니다무료거부
54444,2021,1,5,84607,2021,1,5,92432,***********,***********,국제발신투자자문사에가입비내고종목받지마시고주가조작세력에합류하셔서작전종목과고급찌라시정보를무료로받으세요무료카톡입장
54447,2021,1,5,84616,2021,1,5,135640,***********,***********,투자자문사에가입비내고종목받지마시고주가조작세력에합류하셔서작전종목과고급찌라시정보를무료로받으세요무료카톡입장
54454,2021,1,5,84626,2021,1,5,84646,***********,***********,국외발신투자자문사에가입비내고종목받지마시고주가조작세력에합류하셔서작전종목과고급찌라시정보를무료로받으세요무료카톡입장
54545,2021,1,5,84832,2021,1,5,84918,***********,***********,스팸신고발신광고는년신축년고객여러분의행복을기원합니다오늘도행복과기쁨이가득한하루가되시길바랍니다고객님께서는아래상품승인대상자입니다상품내용정부지원서민대출상품무보증무담보부채통합을위한대환상품별도발생수수료및기타비용절대없음당사미이용고객도신규고객으로진행상품조건대출한도억만원대출금리한도와금리는개인신용등급기준에따라차등적용이될수있습니다상환기간방법상환기간년년만기상환방법자유상환거치운용가능원리금균등상환중도상환해약금면제대출취급수수료면제상환기간최초거치시년단위로변경이가능합니다자격요건만세이상세미만내국인직장인일용직주부사업자프리랜서타기관기대출보유고객신용불량자접수불가접수방법본문자수신번호로전화하셔서번누르시면접수완료신청하신개인정보는암호화하여안전하게처리되오니안심하시고문의주시기바랍니다무료거부
54670,2021,1,5,85236,2021,1,5,111408,***********,***********,스팸신고발신광고는년신축년고객여러분의행복을기원합니다오늘도행복과기쁨이가득한하루가되시길바랍니다고객님께서는아래상품승인대상자입니다상품내용정부지원서민대출상품무보증무담보부채통합을위한대환상품별도발생수수료및기타비용절대없음당사미이용고객도신규고객으로진행상품조건대출한도억만원대출금리한도와금리는개인신용등급기준에따라차등적용이될수있습니다상환기간방법상환기간년년만기상환방법자유상환거치운용가능원리금균등상환중도상환해약금면제대출취급수수료면제상환기간최초거치시년단위로변경이가능합니다자격요건만세이상세미만내국인직장인일용직주부사업자프리랜서타기관기대출보유고객신용불량자접수불가접수방법본문자수신번호로전화하셔서번누르시면접수완료신청하신개인정보는암호화하여안전하게처리되오니안심하시고문의주시기바랍니다무료거부
54681,2021,1,5,85317,2021,1,5,91603,***********,***********,발신광고태을스탁좋은진입시점혼매탈출매일받아보자정보받기무료거부
54687,2021,1,5,85326,2021,1,5,93952,***********,***********,투자자문사에가입비내고종목받지마시고주가조작세력에합류하셔서작전종목과고급찌라시정보를공짜로받으세요무료카톡입장
54872,2021,1,5,85945,2021,1,5,93614,***********,***********,투자자문사에가입비내고종목받지마시고주가조작세력에합류하셔서작전종목과고급찌라시정보를공짜로받으세요무료카톡입장
54873,2021,1,5,85947,2021,1,5,125636,***********,***********,국외발신투자자문사에가입비내고종목받지마시고주가조작세력에합류하셔서작전종목과고급찌라시정보를공짜로받으세요무료카톡입장
54874,2021,1,5,85947,2021,1,5,115329,***********,***********,국제발신투자자문사에가입비내고종목받지마시고주가조작세력에합류하셔서작전종목과고급찌라시정보를공짜로받으세요무료카톡입장
55313,2021,1,5,91304,2021,1,5,92719,***********,***********,스팸신고발신광고항상행복을드리겠습니다우리금융은년에도항상고객님과함께할것을약속드리며아래와같이신규상품안내를도와드리고있습니다많은신청바랍니다안내사항등상품내용등최고억원까지금리신용평점및당행신용등급에따라차등적용추가서류제출시증액등가능상환기간및방법등상환기간년년만기일시연장시상환방법일시납부원리금균등거치형중도상환금면제취급수수료면제자격조건등만세이상세이하내국인직장인사업자주부사업자프리랜서심사기준을충족하시는고객등급충족고객신용카드보유고객접수방법등본문자번호로전화한후번누르시면접수완료상담시간오전오후신용회복및개인회생등일경우대출이제한될수있습니다신청하신휴대번호및개인정보는암호화하여안전하게처리되오니안심하시고문의남기시기바랍니다무료수신거부
55315,2021,1,5,91308,2021,1,5,113357,***********,***********,스팸신고발신광고스톡매거진차전지관련주초대박호재내재한종목호재하나에급등인데겹호재면따따블단하루만이라도체험해보세요오시는길무료거부
55316,2021,1,5,91310,2021,1,5,91345,***********,***********,스팸신고발신광고스톡매거진차전지관련주초대박호재내재한종목호재하나에급등인데겹호재면따따블단하루만이라도체험해보세요오시는길무료거부
55331,2021,1,5,91343,2021,1,5,91400,***********,***********,발신위너그룹백신주무료제공입회비용없습니다입장
55344,2021,1,5,91418,2021,1,5,120253,***********,***********,스팸신고발신광고항상행복을드리겠습니다우리금융은년에도항상고객님과함께할것을약속드리며아래와같이신규상품안내를도와드리고있습니다많은신청바랍니다안내사항등상품내용등최고억원까지금리신용평점및당행신용등급에따라차등적용추가서류제출시증액등가능상환기간및방법등상환기간년년만기일시연장시상환방법일시납부원리금균등거치형중도상환금면제취급수수료면제자격조건등만세이상세이하내국인직장인사업자주부사업자프리랜서심사기준을충족하시는고객등급충족고객신용카드보유고객접수방법등본문자번호로전화한후번누르시면접수완료상담시간오전오후신용회복및개인회생등일경우대출이제한될수있습니다신청하신휴대번호및개인정보는암호화하여안전하게처리되오니안심하시고문의남기시기바랍니다무료수신거부
55410,2021,1,5,92046,2021,1,5,122432,***********,***********,스팸신고발신광고우리금융그룹은년신축년고객여러분의행복을기원합니다오늘도행복과기쁨이가득한하루가되시길바랍니다고객님께서는아래상품승인대상자입니다상품내용정부지원서민대출상품무보증무담보부채통합을위한대환상품별도발생수수료및기타비용절대없음당사미이용고객도신규고객으로진행상품조건대출한도억만원대출금리한도와금리는개인신용등급기준에따라차등적용이될수있습니다상환기간방법상환기간년년만기상환방법자유상환거치운용가능원리금균등상환중도상환해약금면제대출취급수수료면제상환기간최초거치시년단위로변경이가능합니다자격요건만세이상세미만내국인직장인일용직주부사업자프리랜서타기관기대출보유고객신용불량자접수불가접수방법본문자수신번호로전화하셔서번누르시면접수완료신청하신개인정보는암호화하여안전하게처리되오니안심하시고문의주시기바랍니다무료거부
55411,2021,1,5,92049,2021,1,5,92140,***********,***********,스팸신고발신광고우리금융그룹은년신축년고객여러분의행복을기원합니다오늘도행복과기쁨이가득한하루가되시길바랍니다고객님께서는아래상품승인대상자입니다상품내용정부지원서민대출상품무보증무담보부채통합을위한대환상품별도발생수수료및기타비용절대없음당사미이용고객도신규고객으로진행상품조건대출한도억만원대출금리한도와금리는개인신용등급기준에따라차등적용이될수있습니다상환기간방법상환기간년년만기상환방법자유상환거치운용가능원리금균등상환중도상환해약금면제대출취급수수료면제상환기간최초거치시년단위로변경이가능합니다자격요건만세이상세미만내국인직장인일용직주부사업자프리랜서타기관기대출보유고객신용불량자접수불가접수방법본문자수신번호로전화하셔서번누르시면접수완료신청하신개인정보는암호화하여안전하게처리되오니안심하시고문의주시기바랍니다무료거부
55435,2021,1,5,92450,2021,1,5,94036,***********,***********,스팸신고발신광고국민은년신축년고객여러분의행복을기원합니다올한해는와함께부자되세요침체된경기로금리적인압박과생계유지가더욱어려워진시점당행은정부가지원하에출시된통합대출및마이너스상품안내해드립니다상품조건대출한도최대억만원대출금리한도와금리는개인신용등급기준에따라차등적용이될수있습니다상환기간방법상환기간년년단위최장년연장상환방법일시상환자유상환선택중도상환해약금면제대출취급수수료면제자격요건만세이상세미만내국인직장인일용직주부사업자프리랜서타기관기대출보유고객신용불량자접수불가신규상담상담신청번평일신청하신개인정보는암호화하여안전하게처리되오니안심하시고문의주시기바랍니다무료수신거부
55561,2021,1,5,93559,2021,1,5,114528,***********,***********,스팸신고광고안녕하세요투자전문가입니다추는한방향에오래머물지않는다피터번스타인최근수익현황우리기술투자수익종료포스코케미칼수익종료현
55568,2021,1,5,93626,2021,1,5,104739,***********,***********,국제발신주식만원이상한다면이종목을주목해라
55595,2021,1,5,93839,2021,1,5,95517,***********,***********,국외발신주식만원이상한다면이종목을주목해라
55596,2021,1,5,93847,2021,1,5,183411,***********,***********,발신국영지앤엠동신건설보셨나요다음종목받기번참여번거부무료거부
55613,2021,1,5,94002,2021,1,5,105420,***********,***********,스팸신고발신광고안녕하세요투자전문가입니다추는한방향에오래머물지않는다피터번스타인최근수익현황우리기술투자수익종료포스코케미칼수익종료현재보유포트대원전선원매수수익중한국항공우주수익중지금의상승세가계속되리라생각해서는안됩니다추가쉬지않고방향을바꾸며흔들리듯시장도등락을반복합니다지속적으로투자를이어가기위해서는이흔들림을견뎌내야합니다혼자보단둘아니둘보다는셋년부터유지된무료자산수집모임입니다오랫동안많은분들과함께학습을통한투자를하며수익을낼수있도록동반성장을모토로한소통의장입니다남의이야기처럼만느껴졌던하루하루쌓여가는수익무료로체험해보세요일지켜보신후신뢰와믿음이쌓이시면그때추천종목을매매하셔도됩니다끝까지읽어주셔서감사합니다행복한하루보내세요입장무료거부
55715,2021,1,5,94327,2021,1,5,95820,***********,***********,스팸신고발신광고안녕하세요투자전문가입니다추는한방향에오래머물지않는다피터번스타인최근수익현황우리기술투자수익종료포스코케미칼수익종료현재보유포트대원전선원매수수익중한국항공우주수익중지금의상승세가계속되리라생각해서는안됩니다추가쉬지않고방향을바꾸며흔들리듯시장도등락을반복합니다지속적으로투자를이어가기위해서는이흔들림을견뎌내야합니다혼자보단둘아니둘보다는셋년부터유지된무료자산수집모임입니다오랫동안많은분들과함께학습을통한투자를하며수익을낼수있도록동반성장을모토로한소통의장입니다남의이야기처럼만느껴졌던하루하루쌓여가는수익무료로체험해보세요일지켜보신후신뢰와믿음이쌓이시면그때추천종목을매매하셔도됩니다입장끝까지읽어주셔서감사합니다행복한하루보내세요무료거부
55716,2021,1,5,94327,2021,1,5,110228,***********,***********,스팸신고발신광고안녕하세요투자전문가입니다추는한방향에오래머물지않는다피터번스타인최근수익현황우리기술투자수익종료포스코케미칼수익종료현재보유포트대원전선원매수수익중한국항공우주수익중지금의상승세가계속되리라생각해서는안됩니다추가쉬지않고방향을바꾸며흔들리듯시장도등락을반복합니다지속적으로투자를이어가기위해서는이흔들림을견뎌내야합니다혼자보단둘아니둘보다는셋년부터유지된무료자산수집모임입니다오랫동안많은분들과함께학습을통한투자를하며수익을낼수있도록동반성장을모토로한소통의장입니다남의이야기처럼만느껴졌던하루하루쌓여가는수익무료로체험해보세요일지켜보신후신뢰와믿음이쌓이시면그때추천종목을매매하셔도됩니다입장끝까지읽어주셔서감사합니다행복한하루보내세요무료거부
55783,2021,1,5,94707,2021,1,5,102427,***********,***********,스팸신고광고안녕하세요투자전문가입니다추는한방향에오래머물지않는다피터번스타인최근수익현황우리기술투자수익종료포스코케미칼수익종료현재보유포트대원전선원매수수익중한국항공우주수익중지금의상승세가계속되리라생각해서는안됩니다추가쉬지않고방향을바꾸며흔들리듯시장도등락을반복합니다지속적으로투자를이어가기위해서는이흔들림을견뎌내야합니다혼자보단둘아니둘보다는셋년부터유지된무료자산수집모임입니다오랫동안많은분들과함께학습을통한투자를하며수익을낼수있도록동반성장을모토로한소통의장입니다남의이야기처럼만느껴졌던하루하루쌓여가는수익무료로체험해보세요일지켜보신후신뢰와믿음이쌓이시면그때추천종목을매매하셔도됩니다입장끝까지읽어주셔서감사합니다행복한하루보내세요무료거부
55876,2021,1,5,94831,2021,1,5,95123,***********,***********,발신광고분석번호받은직원초호화생활공개돼화제무료거부번호
56574,2021,1,5,95644,2021,1,5,101743,***********,***********,월회비만주식방이무료로전환했습니다내일오후에비공개전환됩니다입장하셔서성투하세요
56618,2021,1,5,95801,2021,1,5,95828,***********,***********,스팸신고발신광고년월첫시작을전문가와함께하실무료회원모집합니다이제는근로소득으로내집마련은꿈만같은일이되어버렸고매년불로소득으로인한소득이증가하고있습니다계속그자리에머물러계실건가요최근수익현황우리기술투자수익종료포스코케미칼수익종료현재보유포트대원전선원매수수익중한국항공우주수익중늦었다고생각할때가가장빠른시기입니다년하반기책출간을앞두고함께하실무료회원모집을하고있습니다입장참여코드강요는절대없습니다며칠간지켜보시고따라오시면됩니다무료거부
56651,2021,1,5,95920,2021,1,5,160344,***********,***********,스팸신고발신광고년월첫시작을전문가와함께하실무료회원모집합니다이제는근로소득으로내집마련은꿈만같은일이되어버렸고매년불로소득으로인한소득이증가하고있습니다계속그자리에머물러계실건가요최근수익현황우리기술투자수익종료포스코케미칼수익종료현재보유포트대원전선원매수수익중한국항공우주수익중늦었다고생각할때가가장빠른시기입니다년하반기책출간을앞두고함께하실무료회원모집을하고있습니다입장참여코드강요는절대없습니다며칠간지켜보시고따라오시면됩니다무료거부
56672,2021,1,5,95944,2021,1,5,100723,***********,***********,월회비만주식방무료전환했습니다금요일에비공개전환성투하시고따뜻한새해보내세요
56674,2021,1,5,95948,2021,1,5,100652,***********,***********,발신광고일찍부터먹이찾는새가얻는아침특급정보무료수신거부
56679,2021,1,5,95954,2021,1,5,170008,***********,***********,스팸신고광고년월첫시작을전문가와함께하실무료회원모집합니다이제는근로소득으로내집마련은꿈만같은일이되어버렸고매년불로소득으로인한소득이증가하고있습니다계속그
56721,2021,1,5,100150,2021,1,5,170620,***********,***********,스팸신고발신광고저축은큰사랑에깊은감사드립니다올해도만족스러운서비스로보답하겠습니다상품내용정부지원무보증서민지원대출상품당사저축에서발급되는마이너스상품별도발생수수료및기타비용절대없음당사미이용고객도신규고객으로진행상품안내취급기간저축대출한도정부지원대출억원대출금리한도와금리는개인신용등급기준에따라차등적용될수있습니다상환기간방법상환기간년년만기상환방법자유상환거치운용가능원리금균등상환중도상환해약금면제대출취급수수료면제접수방법신청하신개인정보는암호화하여안전하게처리하오니안심하시고문의주시길바랍니다무료거부
56864,2021,1,5,100432,2021,1,5,100507,***********,***********,발신국영지앤엠동신건설따라가지말고미리들어가요답장거부
57126,2021,1,5,100743,2021,1,5,111508,***********,***********,발신매도완료고바이오랩년손실회복반모집합니다최소참가입장
57134,2021,1,5,100746,2021,1,5,100851,***********,***********,스팸신고광고년월첫시작을전문가와함께하실무료회원모집합니다이제는근로소득으로내집마련은꿈만같은일이되어버렸고매년불로소득으로인한소득이증가하고있습니다계속그자리에머물러계실건가요최근수익현황우리기술투자수익종료포스코케미칼수익종료현재보유포트대원전선원매수수익중한국항공우주수익중늦었다고생각할때가가장빠른시기입니다년하반기책출간을앞두고함께하실무료회원모집을하고있습니다입장참여코드강요는절대없습니다며칠간지켜보시고따라오시면됩니다무료거부
57613,2021,1,5,101221,2021,1,5,102326,***********,***********,스팸신고발신광고투자그룹저번차퀴즈답은하이닉스이었습니다참여해주신회원들은에스에프에이두산퓨얼셀수익직접받아보셨고년포트궁금하시죠월기술수출예정확정기사준비해당기업스케줄차퀴즈이건희회장반도체시총위전자관심있으신분은문자주세요증권정보담당무료거부
57720,2021,1,5,101312,2021,1,5,101515,***********,***********,스팸신고발신광고투자대회투자대회에서입상한상위명이모여서엘리트그룹을만들었습니다올하반기시스템매매와극비전수출판에앞서마지막무료회원이벤트를시작합니다하락장에서도기계적인심리찾는법상승장에서수익을극대화시키는극비전략한달수익률가가능한이유오늘하루만입장가능하고나가면재입장은불가합니다준비된사람만기회를잡을수있습니다지금이막차입니다세가지약속드립니다오늘들어오신분들은기존회원들과동일한리딩제공하반기유료화이전까지무료리딩심층종목상담과시크릿추천주제공선착순입장입니다감사합니다무료거부
57782,2021,1,5,101531,2021,1,5,123346,***********,***********,발신광고평범한대학생이어떻게건물주가됐을까무료수신거부
57833,2021,1,5,101819,2021,1,5,111831,***********,***********,스팸신고발신광고투자그룹저번차퀴즈답은하이닉스이었습니다참여해주신회원들은대원전선국영지앤엠두산퓨얼셀수익직접받아보셨고년포트궁금하시죠월기술수출예정확정기사준비해당기업스케줄차퀴즈이건희회장반도체시총위전자관심있으신분은문자주세요증권정보담당무료거부
57835,2021,1,5,101820,2021,1,5,111807,***********,***********,스팸신고발신광고투자그룹저번차퀴즈답은하이닉스이었습니다참여해주신회원들은대원전선국영지앤엠두산퓨얼셀수익직접받아보셨고년포트궁금하시죠월기술수출예정확정기사준비해당기업스케줄차퀴즈이건희회장반도체시총위전자관심있으신분은문자주세요증권정보담당무료거부
57843,2021,1,5,101822,2021,1,5,101851,***********,***********,스팸신고광고투자그룹저번차퀴즈답은하이닉스이었습니다참여해주신회원들은대원전선국영지앤엠두산퓨얼셀수익직접받아보셨고년포트궁금하시죠월기술수출예정확정기사준비해당기업스케줄차퀴즈이건희회장반도체시총위전자관심있으신분은문자주세요증권정보담당무료거부
58090,2021,1,5,102131,2021,1,5,104400,***********,***********,발신광고방법을알아야법니다안정적인수익방식무료수신거부
58390,2021,1,5,102456,2021,1,5,130512,***********,***********,발신광고일만이상이번주당신이주인공무료거부
58395,2021,1,5,102506,2021,1,5,104201,***********,***********,발신광고이것덕분에일만에차를바어요무료거부
58478,2021,1,5,102732,2021,1,5,103754,***********,***********,발신광고아침마당가난을되물림폰과만원무료거부
58489,2021,1,5,102754,2021,1,5,103006,***********,***********,스팸신고발신광고우리는소중한고객여러분과함께따뜻한마음을나눌수있는시간이있기에항상감사합니다언제나우리은행는고객님의행복을항상곁에서지켜드리겠습니다고객님께서는정부기관에서주관하는특례보증지원대상자로상품내용을확인하여기한내에신청바랍니다상품특징신용특례보증지원을통해직업군관계없이정부가지정하는한도와금리로한도대출지원기존정부의보증대출보유자추가보증지원일반대출에비해여유로운상환기간비대면을통한간편대출당사미이용고객신규대출보증부보증기관우리은행신용보증재단보증기간최장년자금용도에따라변동보증료율면제보증지원상품마통전월세생계대환사업창업자금등접수기간년월일금까지사행성관련하여보증대출진행시보증소멸및신용보증재단등재상품구성보증한도최대억원고금리대출원금범위내보증금리고정연대출기간년단위최장년이내연장가능상환방법원리금균등원금균등일시상환선택취급및중도상환수수료면제상환이자유예기간대출승인후개월설정가능한도와금리는자금활용도에따라차등될수있습니다대출거치운용은년단위씩변경이가능합니다자격조건만세연령제한없음당사고객또는신규고객저소득저신용자신용평점점기준개월이상중고금리대출담보대출보유소득증빙관계없이개월이상근무자직장인프리랜서계약직파견직개인사업자주부등무직자경우정핵형보장보험보유자경우신청가능개월이상연체부도공과금체납신용복지원파산및면책결정개인회생등의사유이신경우는대출이제한됩니다신청접수
58493,2021,1,5,102759,2021,1,5,105812,***********,***********,발신광고직장도없던주부건물주된방법무료거부
58526,2021,1,5,102815,2021,1,5,102904,***********,***********,스팸신고발신광고우리는소중한고객여러분과함께따뜻한마음을나눌수있는시간이있기에항상감사합니다언제나우리은행는고객님의행복을항상곁에서지켜드리겠습니다고객님께서는정부기관에서주관하는특례보증지원대상자로상품내용을확인하여기한내에신청바랍니다상품특징신용특례보증지원을통해직업군관계없이정부가지정하는한도와금리로한도대출지원기존정부의보증대출보유자추가보증지원일반대출에비해여유로운상환기간비대면을통한간편대출당사미이용고객신규대출보증부보증기관우리은행신용보증재단보증기간최장년자금용도에따라변동보증료율면제보증지원상품마통전월세생계대환사업창업자금등접수기간년월일금까지사행성관련하여보증대출진행시보증소멸및신용보증재단등재상품구성보증한도최대억원고금리대출원금범위내보증금리고정연대출기간년단위최장년이내연장가능상환방법원리금균등원금균등일시상환선택취급및중도상환수수료면제상환이자유예기간대출승인후개월설정가능한도와금리는자금활용도에따라차등될수있습니다대출거치운용은년단위씩변경이가능합니다자격조건만세연령제한없음당사고객또는신규고객저소득저신용자신용평점점기준개월이상중고금리대출담보대출보유소득증빙관계없이개월이상근무자직장인프리랜서계약직파견직개인사업자주부등무직자경우정핵형보장보험보유자경우신청가능개월이상연체부도공과금체납신용복지원파산및면책결정개인회생등의사유이신경우는대출이제한됩니다신청접수문자수신번호로전화하셔서에따라번누르시면신청접수완료영업일평일토일공휴일제외자금소진시조기에마감하니신청대상고객님께서는늦지않게신청하시길바랍니다무료거부
58594,2021,1,5,102901,2021,1,5,110923,***********,***********,국제발신주식만원이상한다면이종목을주목해라
58735,2021,1,5,103341,2021,1,5,103803,***********,***********,스팸신고발신광고웰컴저축은행상품안내가정의평안과안녕을기원합니다조회부터지급까지하루만에웰컴저축은행에서상품안내드립니다접수방식접수전화상담시간공휴일제외년월일마감접수자가많으니빠른신청바랍니다본문자수신번호로전화하셔서번누르시면접수완료상품설명최대한도만원연금리신청당일진행가능기존이용중인주택담보자사상품으로변환가능합니다기존이용중인상품을자사상품으로변환통합가능합니다본상품은주거래대상이아니셔도신청가능합니다최근다른곳진행거절되셨어도가능합니다상환방식설정원리금균등상환만기일시상환등자유로운방식으로설정가능합니다진행시별도발생하는수수료및기타발생비용없습니다접수대상만세세대상직장인사업자주부학생무직자최근다른진행거절되신분기존상품이용중이신분본문자는정보통신법제조항에의거수신동의후발송하였으며수신을원치않을시아래번호로수신거부해주시기바랍니다감사합니다무료거부
58738,2021,1,5,103350,2021,1,5,103414,***********,***********,스팸신고발신광고웰컴저축은행상품안내가정의평안과안녕을기원합니다조회부터지급까지하루만에웰컴저축은행에서상품안내드립니다접수방식접수전화상담시간공휴일제외년월일마감접수자가많으니빠른신청바랍니다본문자수신번호로전화하셔서번누르시면접수완료상품설명최대한도만원연금리신청당일진행가능기존이용중인주택담보자사상품으로변환가능합니다기존이용중인상품을자사상품으로변환통합가능합니다본상품은주거래대상이아니셔도신청가능합니다최근다른곳진행거절되셨어도가능합니다상환방식설정원리금균등상환만기일시상환등자유로운방식으로설정가능합니다진행시별도발생하는수수료및기타발생비용없습니다접수대상만세세대상직장인사업자주부학생무직자최근다른진행거절되신분기존상품이용중이신분본문자는정보통신법제조항에의거수신동의후발송하였으며수신을원치않을시아래번호로수신거부해주시기바랍니다감사합니다무료거부
58798,2021,1,5,103704,2021,1,5,133032,***********,***********,스팸신고발신광고금융투자대회투자대회에서입상한상위명이모여서엘리트그룹을만들었습니다올하반기시스템매매와극비전수출판에앞서마지막무료회원이벤트를시작합니다하락장에서도기계적인심리찾는법상승장에서수익을극대화시키는극비전략한달수익률가가능한이유오늘하루만입장가능하고나가면재입장은불가합니다준비된사람만기회를잡을수있습니다지금이막차입니다세가지약속드립니다오늘들어오신분들은기존회원들과동일한리딩제공하반기유료화이전까지무료리딩심층종목상담과시크릿추천주제공선착순입장입니다감사합니다무료거부
58885,2021,1,5,104348,2021,1,5,113950,***********,***********,발신광고비트코인주식매수매도대기무료수신거부
58953,2021,1,5,104627,2021,1,5,105208,***********,***********,발신광고오늘부터무료방으로전환됐습니다방입장무료거부
59098,2021,1,5,105109,2021,1,5,112949,***********,***********,발신광고오찬희오천만들기오전원문의무료거부
59147,2021,1,5,105242,2021,1,5,124045,***********,***********,발신광고돈버는사람들의액기스월억무료수신거부
59266,2021,1,5,105559,2021,1,5,133256,***********,***********,발신광고초대장네이버무료거부
59297,2021,1,5,105653,2021,1,5,111055,***********,***********,스팸신고발신광고임현우대표안녕하세요임현우대표입니다기간일이윤기간동안이윤안나올시돌려드립니다만원만원만원만원삼천만원원잘못된투자로인한손실금액저와움직이며이윤내봅시다무료상담무료거부
59333,2021,1,5,105817,2021,1,5,132404,***********,***********,발신대원전선실력보셨죠다음힌트반도체관련주예상수익참참여거부
59492,2021,1,5,110406,2021,1,5,121022,***********,***********,발신광고만원시작점점늘어나는자산무료거부
59560,2021,1,5,110715,2021,1,5,110736,***********,***********,발신광고송하나님께서밴드에초대하셨습니다무료거부
59580,2021,1,5,110731,2021,1,5,114757,***********,***********,발신광고클럽외인과기관타파수익나는비인기종목무료거부
59589,2021,1,5,110741,2021,1,5,115102,***********,***********,국외발신만원이상주식한다면이종목을주목해라
59594,2021,1,5,110747,2021,1,5,114213,***********,***********,발신광고당첨년신축년황금소확인하세요무료수신거부
59595,2021,1,5,110747,2021,1,5,121201,***********,***********,국제발신만원이상주식한다면이종목을주목해라
59664,2021,1,5,110913,2021,1,5,124534,***********,***********,발신광고메리트육아맘회사원도할수있는간편부업밴드초대장무료거부
59729,2021,1,5,110952,2021,1,5,111657,***********,***********,스팸신고발신광고투자그룹저번차퀴즈답은셀트리온이었습니다참여해주신회원은대원전선국영지엔엠앤디포스수익직접보셨고년포트도궁금하시죠월기술수출예정확정기사준비기업스케줄차퀴즈이건희회장반도체시총위전자문자로정답보내세요증권담당무료거부
59733,2021,1,5,110953,2021,1,5,114102,***********,***********,스팸신고발신광고투자그룹저번차퀴즈답은셀트리온이었습니다참여해주신회원은대원전선국영지엔엠앤디포스수익직접보셨고년포트도궁금하시죠월기술수출예정확정기사준비기업스케줄차퀴즈이건희회장반도체시총위전자문자로정답보내세요증권담당무료거부
59763,2021,1,5,111000,2021,1,5,112600,***********,***********,스팸신고광고투자그룹저번차퀴즈답은셀트리온이었습니다참여해주신회원은대원전선국영지엔엠앤디포스수익직접보셨고년포트도궁금하시죠월기술수출예정확정기사준비기업스케줄차퀴즈이건희회장반도체시총위전자문자로정답보내세요증권담당무료거부
59900,2021,1,5,111057,2021,1,5,121713,***********,***********,국제발신평원룸살던성희씨한강뷰아파트로이사간비결
60025,2021,1,5,111131,2021,1,5,112013,***********,***********,스팸신고발신광고금융투자대회투자대회에서우승한상위명이모여서엘리트그룹을만들었습니다올하반기시스템매매와극비전수출판에앞서마지막무료회원이벤트를시작합니다하락장에서도기계적인심리찾는법상승장에서수익을극대화시키는극비전략한달수익률가가능한이유오늘하루만입장가능하고나가면재입장은불가합니다준비된사람만기회를잡을수있습니다지금이막차입니다세가지약속드립니다오늘들어오신분들은기존회원들과동일한리딩제공하반기유료화이전까지무료리딩심층종목상담과시크릿추천주제공선착순입장입니다감사합니다무료거부
60120,2021,1,5,111314,2021,1,5,123242,***********,***********,발신광고메리트육아맘회사원도할수있는간편부업밴드초대무료거부
60532,2021,1,5,111739,2021,1,5,112437,***********,***********,발신광고강수아님께서밴드로초대하였습니다무료거부
60582,2021,1,5,111932,2021,1,5,111948,***********,***********,발신광고카카오선물이도착했어요무료수신거부
60593,2021,1,5,111940,2021,1,5,141845,***********,***********,발신광고박셀바이오폭등모건월바이오폭등리스트공개무료거부
60597,2021,1,5,111943,2021,1,5,132101,***********,***********,국제발신십만원으로참여해서월만원벌자년최고의부업
60602,2021,1,5,111946,2021,1,5,185019,***********,***********,국외발신십만원으로참여해서월만원벌자년최고의부업
60657,2021,1,5,112031,2021,1,5,113139,***********,***********,발신광고투자공유단타재테크상담문의무료거부
60685,2021,1,5,112054,2021,1,5,113141,***********,***********,발신광고동행분석센터회예상번호신청무료수신거부
60704,2021,1,5,112111,2021,1,5,112128,***********,***********,발신광고이강호대표업계회원수위그이유는무료거부
60761,2021,1,5,112148,2021,1,5,160114,***********,***********,발신대원전선정회원비회원다음모건컨퍼런스강한수급예상답거부
60779,2021,1,5,112200,2021,1,5,133253,***********,***********,스팸신고발신광고년월첫시작전문가와함께하실무료회원모집합니다이제는근로소득으로내집마련은꿈만같은일이되어버렸고매년불로소득으로인한소득이증가하고있습니다지금그자리에머물러계실건가요늦었다고생각할때가가장빠른시기입니다년하반기책출간을앞두고함께하실무료회원모집을하고있습니다강요는절대없습니다며칠간지켜보시고따라오시면됩니다입장참여코드무료거부
60789,2021,1,5,112205,2021,1,5,120053,***********,***********,스팸신고발신광고년월첫시작전문가와함께하실무료회원모집합니다이제는근로소득으로내집마련은꿈만같은일이되어버렸고매년불로소득으로인한소득이증가하고있습니다지금그자리에머물러계실건가요늦었다고생각할때가가장빠른시기입니다년하반기책출간을앞두고함께하실무료회원모집을하고있습니다강요는절대없습니다며칠간지켜보시고따라오시면됩니다입장참여코드무료거부
60914,2021,1,5,112449,2021,1,5,132946,***********,***********,스팸신고발신광고금융투자대회투자대회에서우승한상위명이모여서엘리트그룹을만들었습니다올하반기시스템매매와극비전수출판에앞서마지막무료회원이벤트를시작합니다하락장에서도기계적인심리찾는법상승장에서수익을극대화시키는극비전략한달수익률가가능한이유오늘하루만입장가능하고나가면재입장은불가합니다준비된사람만기회를잡을수있습니다지금이막차입니다세가지약속드립니다오늘들어오신분들은기존회원들과동일한리딩제공하반기유료화이전까지무료리딩심층종목상담과시크릿추천주제공선착순입장입니다감사합니다무료거부
60992,2021,1,5,112801,2021,1,5,112815,***********,***********,발신광고동행분석센터회예상번호신청무료수신거부
61016,2021,1,5,112856,2021,1,5,112918,***********,***********,발신광고주부들의부업월그이상을확인하세요무료거부
61045,2021,1,5,112937,2021,1,5,152414,***********,***********,발신광고유손아님께서당신을초청했습니다무료거부
61078,2021,1,5,113010,2021,1,5,114501,***********,***********,발신광고초대장무료거부
61186,2021,1,5,113140,2021,1,5,113205,***********,***********,발신광고스포츠분석공유합니다아시는분만문자주세요무료거부
61189,2021,1,5,113145,2021,1,5,161126,***********,***********,발신광고또하나의월급으로노후준비해결무료거부
61218,2021,1,5,113216,2021,1,5,120249,***********,***********,발신광고구매하라는값만구매하면매달천이상문의무료거부
61252,2021,1,5,113253,2021,1,5,132051,***********,***********,국제발신십만원으로참여해서월만원벌자년최고의부업
61259,2021,1,5,113300,2021,1,5,124434,***********,***********,국외발신십만원으로참여해서월만원벌자년최고의부업
61306,2021,1,5,113411,2021,1,5,114055,***********,***********,발신광고옥희나는하루만원번다무료거부
61365,2021,1,5,113528,2021,1,5,122404,***********,***********,십만원으로참여해서월만원벌자년최고의부업
61554,2021,1,5,114127,2021,1,5,114143,***********,***********,국제발신올해도바닥인잔고십만으로새출발하자황보은희의꿈의나라
61587,2021,1,5,114225,2021,1,5,115641,***********,***********,발신광고목돈만들기알아야힘이다보고판단하세요무료거부
61606,2021,1,5,114235,2021,1,5,153509,***********,***********,발신광고또하나의월급만들기노후준비무료거부
61709,2021,1,5,114349,2021,1,5,142421,***********,***********,국제발신모든부채단십만원으로청산하는비결박여사가알려드려요
61725,2021,1,5,114411,2021,1,5,122628,***********,***********,국외발신모든부채단십만원으로청산하는비결박여사가알려드려요
61897,2021,1,5,115017,2021,1,5,115621,***********,***********,발신광고단기프로젝트지금시작합니다주무료거부
62116,2021,1,5,115502,2021,1,5,120904,***********,***********,발신서울시장선거안철수당선유력관련주매일공개무료입장
62177,2021,1,5,115608,2021,1,5,140921,***********,***********,발신광고절실했던상황이분이덕분에해결무료거부
62196,2021,1,5,115633,2021,1,5,115730,***********,***********,국제발신십만원으로참여해서목돈만원벌자년최고의부업은서씨가초대합니다
62200,2021,1,5,115638,2021,1,5,171742,***********,***********,십만원으로참여해서목돈만원벌자년최고의부업은서씨가초대합니다
62216,2021,1,5,115701,2021,1,5,191121,***********,***********,국외발신십만원으로참여해서목돈만원벌자년최고의부업은서씨가초대합니다
62322,2021,1,5,115900,2021,1,5,121709,***********,***********,발신광고고작몇만원으로황금빛인생만들기무료거부
62384,2021,1,5,115949,2021,1,5,165402,***********,***********,발신광고휴대폰하나로월수입만원무료거부
62482,2021,1,5,120119,2021,1,5,142221,***********,***********,국제발신새해기념원모바일매일시상천부터도다리눌러요
62505,2021,1,5,120146,2021,1,5,142940,***********,***********,국제발신돈을일하게만들어라
62574,2021,1,5,120257,2021,1,5,144935,***********,***********,스팸신고발신광고그룹지난주차로진행했던이벤트정답은삼성전자였습니다정답을보내주셨던분들께는안트로젠프로현대바이오프로삼성제약프로실력보여드리고도움드렸습니다문의주세요모두공개하겠습니다증권가최고의미공개정보주궁금하시죠차퀴즈이벤트안내대한민국위증권사는힌트키증권정답을문자로보내주세요선착순명정답을보내주시는분께는혜택을드립니다증권가최고의미공개정보월미공개정보주계약체결수주정보월의무공시정답을보내주신선착순명중분을추첨하여강원도선라이즈클럽밸리펜션박일권제공당첨안내월일바로확인정답을문자로보내주세요무료거부
62579,2021,1,5,120258,2021,1,5,142816,***********,***********,스팸신고발신광고그룹지난주차로진행했던이벤트정답은삼성전자였습니다정답을보내주셨던분들께는안트로젠프로현대바이오프로삼성제약프로실력보여드리고도움드렸습니다문의주세요모두공개하겠습니다증권가최고의미공개정보주궁금하시죠차퀴즈이벤트안내대한민국위증권사는힌트키증권정답을문자로보내주세요선착순명정답을보내주시는분께는혜택을드립니다증권가최고의미공개정보월미공개정보주계약체결수주정보월의무공시정답을보내주신선착순명중분을추첨하여강원도선라이즈클럽밸리펜션박일권제공당첨안내월일바로확인정답을문자로보내주세요무료거부
62712,2021,1,5,120345,2021,1,5,143900,***********,***********,발신광고리스크가없는이유무료거부
62714,2021,1,5,120345,2021,1,5,130731,***********,***********,발신광고라이프인베스트이색투자무료거부
62796,2021,1,5,120443,2021,1,5,122201,***********,***********,발신광고자산회원님들이방법으로은행채무금해결했어요확인무료거부
62993,2021,1,5,120821,2021,1,5,173500,***********,***********,국제발신샌즈우리가입미션만쿱받고만출
63031,2021,1,5,120915,2021,1,5,121059,***********,***********,발신광고새해이벤트밴드로초대만원으로만원을무료거부
63033,2021,1,5,120916,2021,1,5,131318,***********,***********,발신집에서간단하게커피값으로돈벌자누구든분만입금
63052,2021,1,5,120942,2021,1,5,124432,***********,***********,국제발신찐우리카진오새회원께쿠폰증정
63073,2021,1,5,121014,2021,1,5,171507,***********,***********,발신광고아직도이걸모르시나요밴드초대장도착무료거부
63287,2021,1,5,121343,2021,1,5,121506,***********,***********,국제발신십만원으로참여해서월만원벌자신축년쉽게벌어보자
63397,2021,1,5,121614,2021,1,5,121823,***********,***********,아직도투기중이신가요리스크없이성공하는법선착순공개
63406,2021,1,5,121641,2021,1,5,122403,***********,***********,발신광고대박주무료체험권드렸습니다무료무료거부
63509,2021,1,5,121908,2021,1,5,144119,***********,***********,발신광고안전성보장휴대폰과만원이면무료거부
63536,2021,1,5,121946,2021,1,5,172025,***********,***********,발신광고자산가난대물림아침마당방영무료거부
63749,2021,1,5,122532,2021,1,5,172234,***********,***********,발신광고단타방식당일차트분석가배치무료거부
63764,2021,1,5,122558,2021,1,5,132517,***********,***********,발신서울시장선거안철수당선유력관련단타매일공개무료입장
63789,2021,1,5,122620,2021,1,5,122655,***********,***********,스팸신고발신광고믿고보는지유투자무료방안녕하세요이용준과장입니다년신년맞이신생바이오주주목피플바이오드디어폭발피플바이오상한가믿고보는지유투자무료방입장신규바이오테마대장을찾아라피플바이오상한가하루딱시간만으로월급이상수익달성박셀바이오프리시전바이오고바이오랩종가로수익난종목입니다딱주일만오픈카톡방체험을진행하고전일사서익일날오전에청산합니다방인원은선착순명으로제한운영금일종가로피플바이오이을신규바이오후속공개나갈예정입니다지금바로입장하세요입장무료수신거부
63830,2021,1,5,122701,2021,1,5,141228,***********,***********,발신광고일단타체결무료단톡방운영전문상담사대기무료거부
64014,2021,1,5,123106,2021,1,5,130151,***********,***********,국제발신만원으로참여해서월만원벌자
64034,2021,1,5,123203,2021,1,5,123846,***********,***********,발신광고여러가지중가장최고손실없는수익무료거부
64051,2021,1,5,123223,2021,1,5,123245,***********,***********,발신광고신청하신종목지금발표합니다월천마감무료거부
64144,2021,1,5,123509,2021,1,5,124058,***********,***********,발신광고애코분석센터차분석번호문의무료거부
64212,2021,1,5,123615,2021,1,5,133823,***********,***********,국제발신찐우리카진오새회원께쿠폰증정